Name,Booking
311,https://www.bandsintown.com/a/62-311?came_from=251
...And You Will Know Us by the Trail of Dead,https://www.bandsintown.com/a/26093-...and-you-will-know-us-by-the-trail-of-dead?came_from=251
.38 Special,https://www.bandsintown.com/a/233154-38-special?came_from=251
10 Years,https://www.bandsintown.com/a/463-10-years?came_from=251
10cc,https://www.bandsintown.com/a/26254-10cc?came_from=251
12 Stones,https://www.bandsintown.com/a/1512-12-stones?came_from=251
2Cellos,https://www.bandsintown.com/a/1518845-2cellos?came_from=251
3 Doors Down,https://www.bandsintown.com/a/65-3-doors-down?came_from=251
4 Non Blondes,https://www.bandsintown.com/a/50261-4-non-blondes?came_from=251
65daysofstatic,https://www.bandsintown.com/a/6064-65daysofstatic?came_from=251
7 Shot Screamers,https://www.bandsintown.com/a/8815-7-shot-screamers?came_from=251
8mm,https://www.bandsintown.com/a/1345-8mm?came_from=251
99 Posse,https://www.bandsintown.com/a/79167-99-posse?came_from=251
A Day to Remember,https://www.bandsintown.com/a/47185-a-day-to-remember?came_from=251
A Fine Frenzy,https://www.bandsintown.com/a/145027-alison-sudol?came_from=251
A Flock of Seagulls,https://www.bandsintown.com/a/5648-a-flock-of-seagulls?came_from=251
A Perfect Circle,https://www.bandsintown.com/a/432-a-perfect-circle?came_from=251
A Rocket to the Moon,https://www.bandsintown.com/a/149549-a-rocket-to-the-moon?came_from=251
A Thousand Horses,https://www.bandsintown.com/a/1037997-a-thousand-horses?came_from=251
a-ha,https://www.bandsintown.com/a/2054-a-ha?came_from=251
AC/DC,https://www.bandsintown.com/a/26647-acdc?came_from=251
Ace Frehley,https://www.bandsintown.com/a/57546-ace-frehley?came_from=251
Adam Ant,https://www.bandsintown.com/a/61677-adam-ant?came_from=251
Adam Green,https://www.bandsintown.com/a/3577-adam-green?came_from=251
Adema,https://www.bandsintown.com/a/3328-adema?came_from=251
Aerosmith,https://www.bandsintown.com/a/26643-aerosmith?came_from=251
AFI,https://www.bandsintown.com/a/18-afi?came_from=251
Afterhours,https://www.bandsintown.com/a/16463-afterhours?came_from=251
Against Me!,https://www.bandsintown.com/a/924-against-me!?came_from=251
Agnes Monica,https://www.bandsintown.com/a/10467-agnes-monica?came_from=251
Aimée Allen,https://www.bandsintown.com/a/37774-aimee-allen?came_from=251
Air Supply,https://www.bandsintown.com/a/28674-air-supply?came_from=251
Airbourne,https://www.bandsintown.com/a/22809-airbourne?came_from=251
Alabama Shakes,https://www.bandsintown.com/a/1946416-alabama-shakes?came_from=251
Alana Davis,https://www.bandsintown.com/a/9009-alana-davis?came_from=251
Alanis Morissette,https://www.bandsintown.com/a/26639-alanis-morissette?came_from=251
"Albert Hammond, Jr.",https://www.bandsintown.com/a/1092-albert-hammond-jr.?came_from=251
Aldo Nova,https://www.bandsintown.com/a/60688-aldo-nova?came_from=251
Alejandro Escovedo,https://www.bandsintown.com/a/36570-alejandro-escovedo?came_from=251
Alesana,https://www.bandsintown.com/a/549-alesana?came_from=251
Alesha Dixon,https://www.bandsintown.com/a/259890-alesha-dixon?came_from=251
Alessi's Ark,https://www.bandsintown.com/a/15396479-alessi's-ark?came_from=251
Alex Winston,https://www.bandsintown.com/a/7318-alex-winston?came_from=251
Alexisonfire,https://www.bandsintown.com/a/423-alexisonfire?came_from=251
Alice Cooper,https://www.bandsintown.com/a/863-alice-cooper?came_from=251
Alice in Chains,https://www.bandsintown.com/a/908-alice-in-chains?came_from=251
All,https://www.bandsintown.com/a/6199-all?came_from=251
All Time Low,https://www.bandsintown.com/a/695-all-time-low?came_from=251
Alpha Rev,https://www.bandsintown.com/a/9587-alpha-rev?came_from=251
Alt-J,https://www.bandsintown.com/a/11178017-alt-j?came_from=251
Alter Bridge,https://www.bandsintown.com/a/1686-alter-bridge?came_from=251
Alvin Lee,https://www.bandsintown.com/a/25745-alvin-lee?came_from=251
Aly & AJ,https://www.bandsintown.com/a/183-aly-and-aj?came_from=251
Amanda Marshall,https://www.bandsintown.com/a/51178-amanda-marshall?came_from=251
Amazing Crowns,https://www.bandsintown.com/a/61897-amazing-crowns?came_from=251
Amber Pacific,https://www.bandsintown.com/a/26337-amber-pacific?came_from=251
Ambrosia,https://www.bandsintown.com/a/29156-ambrosia?came_from=251
America,https://www.bandsintown.com/a/13945-america?came_from=251
Amici Forever,https://www.bandsintown.com/a/73023-amici-forever?came_from=251
Amiina,https://www.bandsintown.com/a/15217076-amiina?came_from=251
Amon Amarth,https://www.bandsintown.com/a/1574-amon-amarth?came_from=251
Amy Macdonald,https://www.bandsintown.com/a/30967-amy-macdonald?came_from=251
Anathema,https://www.bandsintown.com/a/14066043-anathema?came_from=251
Andy Bell,https://www.bandsintown.com/a/63312-andy-bell?came_from=251
Angel Olsen,https://www.bandsintown.com/a/183159-angel-olsen?came_from=251
Anggun,https://www.bandsintown.com/a/103540-anggun?came_from=251
Angus Young,https://www.bandsintown.com/a/821005-angus-young?came_from=251
Anna Calvi,https://www.bandsintown.com/a/223657-anna-calvi?came_from=251
Anna Ternheim,https://www.bandsintown.com/a/5383-anna-ternheim?came_from=251
Anthrax,https://www.bandsintown.com/a/1135-anthrax?came_from=251
Anti-Flag,https://www.bandsintown.com/a/338-anti-flag?came_from=251
Apocalyptica,https://www.bandsintown.com/a/2210-apocalyptica?came_from=251
April Wine,https://www.bandsintown.com/a/21373-april-wine?came_from=251
Arcade Fire,https://www.bandsintown.com/a/3235-arcade-fire?came_from=251
Archive,https://www.bandsintown.com/a/5411-archive?came_from=251
Arctic Monkeys,https://www.bandsintown.com/a/430-arctic-monkeys?came_from=251
Arlissa,https://www.bandsintown.com/a/3000524-arlissa?came_from=251
Army Navy,https://www.bandsintown.com/a/6420-army-navy?came_from=251
Army of Me,https://www.bandsintown.com/a/29716-army-of-me?came_from=251
Arsis,https://www.bandsintown.com/a/3523-arsis?came_from=251
Artful Dodger,https://www.bandsintown.com/a/38863-artful-dodger?came_from=251
As I Lay Dying,https://www.bandsintown.com/a/173-as-i-lay-dying?came_from=251
Ash,https://www.bandsintown.com/a/2749-ash?came_from=251
Asia,https://www.bandsintown.com/a/15094-asia?came_from=251
Asking Alexandria,https://www.bandsintown.com/a/191606-asking-alexandria?came_from=251
Ass Ponys,https://www.bandsintown.com/a/81908-ass-ponys?came_from=251
Astreal,https://www.bandsintown.com/a/390229-astreal?came_from=251
At the Drive-In,https://www.bandsintown.com/a/11138604-at-the-drive-in?came_from=251
Atlas Genius,https://www.bandsintown.com/a/1542226-atlas-genius?came_from=251
Atomic Fireballs,https://www.bandsintown.com/a/127958-the-atomic-fireballs?came_from=251
Atreyu,https://www.bandsintown.com/a/69-atreyu?came_from=251
Au Pairs,https://www.bandsintown.com/a/72916-au-pairs?came_from=251
Audioslave,https://www.bandsintown.com/a/339-audioslave?came_from=251
Augustana,https://www.bandsintown.com/a/15396611-augustana?came_from=251
Autolux,https://www.bandsintown.com/a/3541-autolux?came_from=251
Ava Luna,https://www.bandsintown.com/a/283072-ava-luna?came_from=251
Avenged Sevenfold,https://www.bandsintown.com/a/42-avenged-sevenfold?came_from=251
Avril Lavigne,https://www.bandsintown.com/a/93-avril-lavigne?came_from=251
Awolnation,https://www.bandsintown.com/a/996729-awolnation?came_from=251
Axl Rose,https://www.bandsintown.com/a/387137-axl-rose?came_from=251
Bachman-Turner Overdrive,https://www.bandsintown.com/a/51013-bachman-turner-overdrive?came_from=251
Back Door Slam,https://www.bandsintown.com/a/28981-back-door-slam?came_from=251
Bad Company,https://www.bandsintown.com/a/39079-bad-company?came_from=251
Badfinger,https://www.bandsintown.com/a/13308314-badfinger-music?came_from=251
Band of Horses,https://www.bandsintown.com/a/1474-band-of-horses?came_from=251
Barenaked Ladies,https://www.bandsintown.com/a/970-barenaked-ladies?came_from=251
Basia Bulat,https://www.bandsintown.com/a/48953-basia-bulat?came_from=251
Bat for Lashes,https://www.bandsintown.com/a/10332-bat-for-lashes?came_from=251
Bay City Rollers,https://www.bandsintown.com/a/45963-bay-city-rollers?came_from=251
Beck,https://www.bandsintown.com/a/388-beck?came_from=251
Belanova,https://www.bandsintown.com/a/1786-belanova?came_from=251
Belinda Carlisle,https://www.bandsintown.com/a/12466072-belinda-carlisle?came_from=251
Belle and Sebastian,https://www.bandsintown.com/a/32857-belle-and-sebastian?came_from=251
Ben Folds,https://www.bandsintown.com/a/483-ben-folds?came_from=251
Ben Folds Five,https://www.bandsintown.com/a/26083-ben-folds-five?came_from=251
Ben Haenow,https://www.bandsintown.com/a/11201121-ben-haenow?came_from=251
Ben Lee,https://www.bandsintown.com/a/868-ben-lee?came_from=251
Benjamin Booker,https://www.bandsintown.com/a/10932751-benjamin-booker?came_from=251
Benny Mardones,https://www.bandsintown.com/a/11794-benny-mardones?came_from=251
Best Coast,https://www.bandsintown.com/a/315467-best-coast?came_from=251
Beth Orton,https://www.bandsintown.com/a/3406-beth-orton?came_from=251
Better Than Ezra,https://www.bandsintown.com/a/26691-better-than-ezra?came_from=251
Between the Buried and Me,https://www.bandsintown.com/a/897-between-the-buried-and-me?came_from=251
Bhayanak Maut,https://www.bandsintown.com/a/126060-bhayanak-maut?came_from=251
Big & Rich,https://www.bandsintown.com/a/443-big-and-rich?came_from=251
Big Al Downing,https://www.bandsintown.com/a/462202-big-al-downing?came_from=251
Big Brother and the Holding Company,https://www.bandsintown.com/a/54517-big-brother-and-the-holding-company?came_from=251
Big Country,https://www.bandsintown.com/a/33016-big-country?came_from=251
Bill Bruford,https://www.bandsintown.com/a/62001-bill-bruford?came_from=251
Bill Haley & His Comets,https://www.bandsintown.com/a/55690-bill-haley-and-his-comets?came_from=251
Billy Idol,https://www.bandsintown.com/a/1568-billy-idol?came_from=251
Billy Joel,https://www.bandsintown.com/a/26640-billy-joel?came_from=251
Billy Ocean,https://www.bandsintown.com/a/51595-billy-ocean?came_from=251
Billy Squier,https://www.bandsintown.com/a/52177-billy-squier?came_from=251
Billy Talent,https://www.bandsintown.com/a/197-billy-talent?came_from=251
Bim Skala Bim,https://www.bandsintown.com/a/9997172-bim-skala-bim?came_from=251
Birdy,https://www.bandsintown.com/a/171933-birdy?came_from=251
Björk,https://www.bandsintown.com/a/1384-bjork?came_from=251
Black Box Revelation,https://www.bandsintown.com/a/256572-the-black-box-revelation?came_from=251
Black Label Society,https://www.bandsintown.com/a/990-black-label-society?came_from=251
Black M,https://www.bandsintown.com/a/3392697-black-m?came_from=251
Black Oak Arkansas,https://www.bandsintown.com/a/102281-black-oak-arkansas?came_from=251
Black Rebel Motorcycle Club,https://www.bandsintown.com/a/1601-black-rebel-motorcycle-club?came_from=251
Black Sabbath,https://www.bandsintown.com/a/426-black-sabbath?came_from=251
Black Stone Cherry,https://www.bandsintown.com/a/1468-black-stone-cherry?came_from=251
Black Veil Brides,https://www.bandsintown.com/a/342888-black-veil-brides?came_from=251
Blind Melon,https://www.bandsintown.com/a/2224-blind-melon?came_from=251
Blindside,https://www.bandsintown.com/a/10411750-blindside?came_from=251
Blink-182,https://www.bandsintown.com/a/26335-blink-182?came_from=251
Bloc Party,https://www.bandsintown.com/a/198-bloc-party?came_from=251
Bloodhound Gang,https://www.bandsintown.com/a/202-bloodhound-gang?came_from=251
Blouse,https://www.bandsintown.com/a/1279335-blouse?came_from=251
Blue Cheer,https://www.bandsintown.com/a/9273-blue-cheer?came_from=251
Blue Oyster Cult,https://www.bandsintown.com/a/50512-blue-oyster-cult?came_from=251
Blue Scholars,https://www.bandsintown.com/a/2766-blue-scholars?came_from=251
Blue Swede,https://www.bandsintown.com/a/428208-blue-swede?came_from=251
Blues Magoos,https://www.bandsintown.com/a/78215-the-blues-magoos?came_from=251
Blues Traveler,https://www.bandsintown.com/a/2601-blues-traveler?came_from=251
Blur,https://www.bandsintown.com/a/1586-blur?came_from=251
Bo Diddley,https://www.bandsintown.com/a/30943-bo-diddley?came_from=251
Bob Dylan,https://www.bandsintown.com/a/487-bob-dylan?came_from=251
Bob Seger,https://www.bandsintown.com/a/3098244-bob-seger?came_from=251
Bobby Darin,https://www.bandsintown.com/a/6759-bobby-darin?came_from=251
Body Count,https://www.bandsintown.com/a/266155-body-count?came_from=251
Bon Iver,https://www.bandsintown.com/a/144274-bon-iver?came_from=251
Bon Jovi,https://www.bandsintown.com/a/300-bon-jovi?came_from=251
Bonham,https://www.bandsintown.com/a/75156-bonham?came_from=251
Born Ruffians,https://www.bandsintown.com/a/2926-born-ruffians?came_from=251
Boston,https://www.bandsintown.com/a/32510-boston?came_from=251
Bowling for Soup,https://www.bandsintown.com/a/347-bowling-for-soup?came_from=251
Boy & Bear,https://www.bandsintown.com/a/334441-boy-and-bear?came_from=251
Boys Like Girls,https://www.bandsintown.com/a/306-boys-like-girls?came_from=251
Braids,https://www.bandsintown.com/a/844959-braids?came_from=251
Brand New,https://www.bandsintown.com/a/107-brand-new?came_from=251
Bread,https://www.bandsintown.com/a/4209-bread?came_from=251
Breaking Benjamin,https://www.bandsintown.com/a/64-breaking-benjamin?came_from=251
Breathe Carolina,https://www.bandsintown.com/a/147398-breathe-carolina?came_from=251
Brian Eno,https://www.bandsintown.com/a/8499-brian-eno?came_from=251
Brian May,https://www.bandsintown.com/a/77840-brian-may?came_from=251
Brian Setzer Orchestra,https://www.bandsintown.com/a/14738874-the-brian-setzer-orchestra?came_from=251
Brian Wilson,https://www.bandsintown.com/a/29273-brian-wilson?came_from=251
Bright Eyes,https://www.bandsintown.com/a/517-bright-eyes?came_from=251
Bring Me the Horizon,https://www.bandsintown.com/a/26697-bring-me-the-horizon?came_from=251
Britny Fox,https://www.bandsintown.com/a/47061-britny-fox?came_from=251
Broadcast,https://www.bandsintown.com/a/3861-broadcast?came_from=251
Brody Dalle,https://www.bandsintown.com/a/195953-brody-dalle?came_from=251
Broken Bells,https://www.bandsintown.com/a/929150-broken-bells?came_from=251
Brooke Fraser,https://www.bandsintown.com/a/5403-brooke-fraser?came_from=251
Brooke White,https://www.bandsintown.com/a/8885-brooke-white?came_from=251
Bruce Channel,https://www.bandsintown.com/a/282717-bruce-channel?came_from=251
Bruce Springsteen,https://www.bandsintown.com/a/26654-bruce-springsteen?came_from=251
Bryan Adams,https://www.bandsintown.com/a/750-bryan-adams?came_from=251
Bryan Ferry,https://www.bandsintown.com/a/30962-bryan-ferry?came_from=251
Buck-O-Nine,https://www.bandsintown.com/a/7860-buck-o-nine?came_from=251
BUCK-TICK,https://www.bandsintown.com/a/50685-buck-tick?came_from=251
Buckcherry,https://www.bandsintown.com/a/130-buckcherry?came_from=251
Buckethead,https://www.bandsintown.com/a/19913-buckethead?came_from=251
Bucks Fizz,https://www.bandsintown.com/a/113583-bucks-fizz?came_from=251
Buddy Holly,https://www.bandsintown.com/a/50351-buddy-holly?came_from=251
Buddy Johnson,https://www.bandsintown.com/a/488343-buddy-johnson?came_from=251
Buddy Miles,https://www.bandsintown.com/a/45436-buddy-miles?came_from=251
Buffalo Killers,https://www.bandsintown.com/a/30381-buffalo-killers?came_from=251
Buffalo Springfield,https://www.bandsintown.com/a/44995-buffalo-springfield?came_from=251
Buggles,https://www.bandsintown.com/a/60858-buggles?came_from=251
Bullet for My Valentine,https://www.bandsintown.com/a/171-bullet-for-my-valentine?came_from=251
Bury Your Dead,https://www.bandsintown.com/a/26685-bury-your-dead?came_from=251
Bush,https://www.bandsintown.com/a/680-bush?came_from=251
Butthole Surfers,https://www.bandsintown.com/a/2497-butthole-surfers?came_from=251
BZN,https://www.bandsintown.com/a/414250-bzn?came_from=251
Cacophony,https://www.bandsintown.com/a/38523-cacophony?came_from=251
Café Tacuba,https://www.bandsintown.com/a/50532-cafe-tacuba?came_from=251
Cage the Elephant,https://www.bandsintown.com/a/12755-cage-the-elephant?came_from=251
Cake,https://www.bandsintown.com/a/26085-cake?came_from=251
Caleb Johnson,https://www.bandsintown.com/a/1974314-caleb-johnson?came_from=251
Camper Van Beethoven,https://www.bandsintown.com/a/10310-camper-van-beethoven?came_from=251
Candie Payne,https://www.bandsintown.com/a/31124-candie-payne?came_from=251
Candlebox,https://www.bandsintown.com/a/626-candlebox?came_from=251
Canned Heat,https://www.bandsintown.com/a/13367-canned-heat?came_from=251
Carbon Based Lifeforms,https://www.bandsintown.com/a/66024-carbon-based-lifeforms?came_from=251
Cartel,https://www.bandsintown.com/a/76-cartel?came_from=251
Cat Power,https://www.bandsintown.com/a/1585-cat-power?came_from=251
Cat Stevens,https://www.bandsintown.com/a/13840806-yusuf-cat-stevens?came_from=251
Catfish and the Bottlemen,https://www.bandsintown.com/a/1240325-catfish-and-the-bottlemen?came_from=251
Catherine Wheel,https://www.bandsintown.com/a/68605-catherine-wheel?came_from=251
Cellar Darling,https://www.bandsintown.com/a/13612202-cellar-darling?came_from=251
Chairlift,https://www.bandsintown.com/a/150027-chairlift?came_from=251
Charice,https://www.bandsintown.com/a/306860-charice?came_from=251
Charlie Feathers,https://www.bandsintown.com/a/248767-charlie-feathers?came_from=251
Charlie Landsborough,https://www.bandsintown.com/a/31368-charlie-landsborough?came_from=251
Charlie Simpson,https://www.bandsintown.com/a/57878-charlie-simpson?came_from=251
Cheap Trick,https://www.bandsintown.com/a/855-cheap-trick?came_from=251
Cherish,https://www.bandsintown.com/a/147-cherish?came_from=251
Chevelle,https://www.bandsintown.com/a/303-chevelle?came_from=251
Chicago,https://www.bandsintown.com/a/28538-chicago?came_from=251
Chickenfoot,https://www.bandsintown.com/a/258866-chickenfoot?came_from=251
Chicks on Speed,https://www.bandsintown.com/a/4957-chicks-on-speed?came_from=251
Chris Cornell,https://www.bandsintown.com/a/1370-chris-cornell?came_from=251
Chris Isaak,https://www.bandsintown.com/a/1471-chris-isaak?came_from=251
Chris Martin,https://www.bandsintown.com/a/123355-chris-martin?came_from=251
Chris Rea,https://www.bandsintown.com/a/56448-chris-rea?came_from=251
Chrissie Hynde,https://www.bandsintown.com/a/45278-chrissie-hynde?came_from=251
Christina Grimmie,https://www.bandsintown.com/a/1107794-christina-grimmie?came_from=251
Christopher Cross,https://www.bandsintown.com/a/8661-christopher-cross?came_from=251
Chubby Checker,https://www.bandsintown.com/a/79975-chubby-checker?came_from=251
Chuck Berry,https://www.bandsintown.com/a/36816-chuck-berry?came_from=251
Cilla Black,https://www.bandsintown.com/a/80380-cilla-black?came_from=251
Cinderella,https://www.bandsintown.com/a/2583-cinderella?came_from=251
Citizen Cope,https://www.bandsintown.com/a/655-citizen-cope?came_from=251
City and Colour,https://www.bandsintown.com/a/797-city-and-colour?came_from=251
Clan of Xymox,https://www.bandsintown.com/a/7208-clan-of-xymox?came_from=251
Clay Davidson,https://www.bandsintown.com/a/53559-clay-davidson?came_from=251
Cliff Richard,https://www.bandsintown.com/a/50355-cliff-richard?came_from=251
Clinic,https://www.bandsintown.com/a/4504-clinic?came_from=251
Clutch,https://www.bandsintown.com/a/1867-clutch?came_from=251
Coal Chamber,https://www.bandsintown.com/a/3251-coal-chamber?came_from=251
Coheed and Cambria,https://www.bandsintown.com/a/129-coheed-and-cambria?came_from=251
Cold,https://www.bandsintown.com/a/524-cold?came_from=251
Cold Chisel,https://www.bandsintown.com/a/57123-cold-chisel?came_from=251
Coldplay,https://www.bandsintown.com/a/99-coldplay?came_from=251
Collective Soul,https://www.bandsintown.com/a/3805-collective-soul?came_from=251
Colleen Green,https://www.bandsintown.com/a/1081420-colleen-green?came_from=251
Common Kings,https://www.bandsintown.com/a/165993-common-kings?came_from=251
Copeland,https://www.bandsintown.com/a/401-copeland?came_from=251
Corrosion of Conformity,https://www.bandsintown.com/a/2567-corrosion-of-conformity?came_from=251
Counting Crows,https://www.bandsintown.com/a/391-counting-crows?came_from=251
Country Joe and the Fish,https://www.bandsintown.com/a/88822-country-joe-and-the-fish?came_from=251
Country Joe McDonald,https://www.bandsintown.com/a/47011-country-joe-mcdonald?came_from=251
Courtney Love,https://www.bandsintown.com/a/53188-courtney-love?came_from=251
Crash Test Dummies,https://www.bandsintown.com/a/40029-crash-test-dummies?came_from=251
Crazy Town,https://www.bandsintown.com/a/2531-crazy-town?came_from=251
Cream,https://www.bandsintown.com/a/26653-cream?came_from=251
Creed,https://www.bandsintown.com/a/514-creed?came_from=251
Creedence Clearwater Revival,https://www.bandsintown.com/a/26652-creedence-clearwater-revival?came_from=251
Crooked X,https://www.bandsintown.com/a/24204-crooked-x?came_from=251
"Crosby, Stills, Nash & Young",https://www.bandsintown.com/a/50350-crosby-stills-nash-and-young?came_from=251
Crowded House,https://www.bandsintown.com/a/30086-crowded-house?came_from=251
CSS,https://www.bandsintown.com/a/12162-cansei-de-ser-sexy?came_from=251
Cyndi Lauper,https://www.bandsintown.com/a/32655-cyndi-lauper?came_from=251
D'NASH,https://www.bandsintown.com/a/366681-d'nash?came_from=251
Damien Jurado,https://www.bandsintown.com/a/2904-damien-jurado?came_from=251
Damn Yankees,https://www.bandsintown.com/a/11878103-damn-yankees-the-band?came_from=251
Dan Fogelberg,https://www.bandsintown.com/a/39841-dan-fogelberg?came_from=251
Dangerous Toys,https://www.bandsintown.com/a/36951-dangerous-toys?came_from=251
Daniel Powter,https://www.bandsintown.com/a/321-daniel-powter?came_from=251
Danny Gokey,https://www.bandsintown.com/a/299177-danny-gokey?came_from=251
Danzig,https://www.bandsintown.com/a/50584-danzig?came_from=251
Darren Hayes,https://www.bandsintown.com/a/6427-darren-hayes?came_from=251
Dashboard Confessional,https://www.bandsintown.com/a/26080-dashboard-confessional?came_from=251
Daughtry,https://www.bandsintown.com/a/220-daughtry?came_from=251
Dave Davies,https://www.bandsintown.com/a/6685238-dave-davies-of-the-kinks?came_from=251
"Dave Dee, Dozy, Beaky, Mick & Tich",https://www.bandsintown.com/a/258711-dave-dee-dozy-beaky-mick-and-tich?came_from=251
Dave Gahan,https://www.bandsintown.com/a/104760-dave-gahan?came_from=251
Dave Grohl,https://www.bandsintown.com/a/7390-david-grohl?came_from=251
Dave Hause,https://www.bandsintown.com/a/244700-dave-hause?came_from=251
Dave Matthews Band,https://www.bandsintown.com/a/209-dave-matthews-band?came_from=251
Dave Navarro,https://www.bandsintown.com/a/43918-dave-navarro?came_from=251
David Archuleta,https://www.bandsintown.com/a/183814-david-archuleta?came_from=251
David Bowie,https://www.bandsintown.com/a/951-david-bowie?came_from=251
David Gilmour,https://www.bandsintown.com/a/9988-david-gilmour?came_from=251
David Johansen,https://www.bandsintown.com/a/216232-david-johansen?came_from=251
David Knopfler,https://www.bandsintown.com/a/47489-david-knopfler?came_from=251
Davisson Brothers Band,https://www.bandsintown.com/a/320055-davisson-brothers-band?came_from=251
Daya,https://www.bandsintown.com/a/1848542-daya?came_from=251
Days of the New,https://www.bandsintown.com/a/1941-days-of-the-new?came_from=251
Dead Poetic,https://www.bandsintown.com/a/846-dead-poetic?came_from=251
Death Cab for Cutie,https://www.bandsintown.com/a/117-death-cab-for-cutie?came_from=251
Deathstars,https://www.bandsintown.com/a/1618-deathstars?came_from=251
Debi Nova,https://www.bandsintown.com/a/36231-debi-nova?came_from=251
Deep Purple,https://www.bandsintown.com/a/31005-deep-purple?came_from=251
Deer Tick,https://www.bandsintown.com/a/23502-deer-tick?came_from=251
Def Leppard,https://www.bandsintown.com/a/528-def-leppard?came_from=251
Deftones,https://www.bandsintown.com/a/81-deftones?came_from=251
Delphic,https://www.bandsintown.com/a/249215-delphic?came_from=251
Delta Goodrem,https://www.bandsintown.com/a/5792-delta-goodrem?came_from=251
Demonic Resurrection,https://www.bandsintown.com/a/108357-demonic-resurrection?came_from=251
Depeche Mode,https://www.bandsintown.com/a/346-depeche-mode?came_from=251
Devo,https://www.bandsintown.com/a/1829-devo?came_from=251
Diarrhea Planet,https://www.bandsintown.com/a/476930-diarrhea-planet?came_from=251
Dima Bilan,https://www.bandsintown.com/a/40822-dima-bilan?came_from=251
Dinosaur Jr.,https://www.bandsintown.com/a/5203-dinosaur-jr.?came_from=251
Dio,https://www.bandsintown.com/a/25153-dio?came_from=251
Dir En Grey,https://www.bandsintown.com/a/1556-dir-en-grey?came_from=251
Dire Straits,https://www.bandsintown.com/a/50323-dire-straits?came_from=251
Dirty Vegas,https://www.bandsintown.com/a/2429-dirty-vegas?came_from=251
Disciple,https://www.bandsintown.com/a/1289-disciple?came_from=251
Dishwalla,https://www.bandsintown.com/a/1920-dishwalla?came_from=251
Disturbed,https://www.bandsintown.com/a/68-disturbed?came_from=251
Dokken,https://www.bandsintown.com/a/3066-dokken?came_from=251
Dolores O'Riordan,https://www.bandsintown.com/a/31234-dolores-o'riordan?came_from=251
Don Henley,https://www.bandsintown.com/a/50513-don-henley?came_from=251
Donovan,https://www.bandsintown.com/a/5164-donovan?came_from=251
Dope,https://www.bandsintown.com/a/860-dope?came_from=251
Down,https://www.bandsintown.com/a/1043-down?came_from=251
Dr. Hook & the Medicine Show,https://www.bandsintown.com/a/28891-dr.-hook?came_from=251
Dr. John,https://www.bandsintown.com/a/28746-dr.-john?came_from=251
Dream Theater,https://www.bandsintown.com/a/13451-dream-theater?came_from=251
Drivin' N' Cryin',https://www.bandsintown.com/a/15387-drivin'-n'-cryin'?came_from=251
Dropkick Murphys,https://www.bandsintown.com/a/467-dropkick-murphys?came_from=251
Drowning Pool,https://www.bandsintown.com/a/196-drowning-pool?came_from=251
Dry The River,https://www.bandsintown.com/a/313310-dry-the-river?came_from=251
Duane Eddy,https://www.bandsintown.com/a/55691-duane-eddy?came_from=251
Ducktails,https://www.bandsintown.com/a/304967-ducktails?came_from=251
Duffy,https://www.bandsintown.com/a/31745-duffy?came_from=251
Dum Dum Girls,https://www.bandsintown.com/a/352916-the-dum-dum-girls?came_from=251
Duran Duran,https://www.bandsintown.com/a/1206-duran-duran?came_from=251
Eagles,https://www.bandsintown.com/a/26649-eagles?came_from=251
Echo & the Bunnymen,https://www.bandsintown.com/a/9430-echo-and-the-bunnymen?came_from=251
Eddie Cochran,https://www.bandsintown.com/a/24480-eddie-cochran?came_from=251
Eddie Money,https://www.bandsintown.com/a/3588-eddie-money?came_from=251
Edgar Winter,https://www.bandsintown.com/a/146087-edgar-winter?came_from=251
Edward Sharpe & the Magnetic Zeros,https://www.bandsintown.com/a/249616-edward-sharpe-and-the-magnetic-zeros?came_from=251
Egypt Central,https://www.bandsintown.com/a/48298-egypt-central?came_from=251
Eisbrecher,https://www.bandsintown.com/a/12061-eisbrecher?came_from=251
Eisley,https://www.bandsintown.com/a/482-eisley?came_from=251
Electric Light Orchestra,https://www.bandsintown.com/a/50515-electric-light-orchestra?came_from=251
Elizabeth and the Catapult,https://www.bandsintown.com/a/34575-elizabeth-and-the-catapult?came_from=251
Ella Fitzgerald,https://www.bandsintown.com/a/1630-ella-fitzgerald?came_from=251
Ella Henderson,https://www.bandsintown.com/a/4294542-ella-henderson?came_from=251
Elliott Smith,https://www.bandsintown.com/a/18762-elliott-smith?came_from=251
Elliott Yamin,https://www.bandsintown.com/a/4362-elliott-yamin?came_from=251
Elton John,https://www.bandsintown.com/a/26637-elton-john?came_from=251
Eluveitie,https://www.bandsintown.com/a/7055-eluveitie?came_from=251
Elvis Costello,https://www.bandsintown.com/a/2454-elvis-costello?came_from=251
Elvis Presley,https://www.bandsintown.com/a/1234-elvis-presley?came_from=251
EMA,https://www.bandsintown.com/a/233002-ema?came_from=251
"Emerson, Lake & Palmer",https://www.bandsintown.com/a/54868-emerson-lake-and-palmer?came_from=251
Emphatic,https://www.bandsintown.com/a/12998152-emphatic?came_from=251
England Dan & John Ford Coley,https://www.bandsintown.com/a/71754-england-dan-and-john-ford-coley?came_from=251
Eric Clapton,https://www.bandsintown.com/a/2639-eric-clapton?came_from=251
Erin McCarley,https://www.bandsintown.com/a/17316-erin-mccarley?came_from=251
Escape the Fate,https://www.bandsintown.com/a/45909-escape-the-fate?came_from=251
Esperanza Spalding,https://www.bandsintown.com/a/46306-esperanza-spalding?came_from=251
Espers,https://www.bandsintown.com/a/33012-espers?came_from=251
Europe,https://www.bandsintown.com/a/2409-europe?came_from=251
Eurythmics,https://www.bandsintown.com/a/2520-eurythmics?came_from=251
Evanescence,https://www.bandsintown.com/a/47-evanescence?came_from=251
Everclear,https://www.bandsintown.com/a/612-everclear?came_from=251
Everlast,https://www.bandsintown.com/a/1036-everlast?came_from=251
EXILE,https://www.bandsintown.com/a/46089-exile?came_from=251
EXO-K,https://www.bandsintown.com/a/2267270-exo-k?came_from=251
Explosions in the Sky,https://www.bandsintown.com/a/6107-explosions-in-the-sky?came_from=251
Extreme,https://www.bandsintown.com/a/9964193-extreme?came_from=251
Eyes Set to Kill,https://www.bandsintown.com/a/30180-eyes-set-to-kill?came_from=251
Faces,https://www.bandsintown.com/a/15833-faces?came_from=251
Faith No More,https://www.bandsintown.com/a/2077-faith-no-more?came_from=251
Fall Out Boy,https://www.bandsintown.com/a/7-fall-out-boy?came_from=251
Falling In Reverse,https://www.bandsintown.com/a/301184-falling-in-reverse?came_from=251
Faster Pussycat,https://www.bandsintown.com/a/5331-faster-pussycat?came_from=251
Fats Domino,https://www.bandsintown.com/a/51217-fats-domino?came_from=251
Favorite Weapon,https://www.bandsintown.com/a/997869-favorite-weapon?came_from=251
Fear,https://www.bandsintown.com/a/7095-fear?came_from=251
Fear Factory,https://www.bandsintown.com/a/1070-fear-factory?came_from=251
Fedde Le Grand,https://www.bandsintown.com/a/2984-fedde-le-grand?came_from=251
Feist,https://www.bandsintown.com/a/994-feist?came_from=251
Fever Tree,https://www.bandsintown.com/a/124512-fever-tree?came_from=251
Fiction Plane,https://www.bandsintown.com/a/45968-fiction-plane?came_from=251
Filter,https://www.bandsintown.com/a/1621-filter?came_from=251
Finch,https://www.bandsintown.com/a/1186-finch?came_from=251
Finger Eleven,https://www.bandsintown.com/a/1376-finger-eleven?came_from=251
fIREHOSE,https://www.bandsintown.com/a/67387-firehose?came_from=251
FireHouse,https://www.bandsintown.com/a/5813-firehouse?came_from=251
Firewater,https://www.bandsintown.com/a/79770-firewater?came_from=251
First Aid Kit,https://www.bandsintown.com/a/128004-first-aid-kit?came_from=251
Fit For Rivals,https://www.bandsintown.com/a/15281908-fit-for-rivals?came_from=251
Five Finger Death Punch,https://www.bandsintown.com/a/1965-five-finger-death-punch?came_from=251
Five for Fighting,https://www.bandsintown.com/a/594-five-for-fighting?came_from=251
Flamin' Groovies,https://www.bandsintown.com/a/61383-flamin'-groovies?came_from=251
Flaw,https://www.bandsintown.com/a/3062-flaw?came_from=251
Fleet Foxes,https://www.bandsintown.com/a/14816-fleet-foxes?came_from=251
Fleetwood Mac,https://www.bandsintown.com/a/26656-fleetwood-mac?came_from=251
Flogging Molly,https://www.bandsintown.com/a/356-flogging-molly?came_from=251
Florence + the Machine,https://www.bandsintown.com/a/2559340-florence-+-the-machine?came_from=251
Flyleaf,https://www.bandsintown.com/a/74-flyleaf?came_from=251
Foals,https://www.bandsintown.com/a/7240-foals?came_from=251
Foo Fighters,https://www.bandsintown.com/a/250-foo-fighters?came_from=251
Foreigner,https://www.bandsintown.com/a/29190-foreigner?came_from=251
Fort Lean,https://www.bandsintown.com/a/1283193-fort-lean?came_from=251
Foster the People,https://www.bandsintown.com/a/975190-foster-the-people?came_from=251
Fountains of Wayne,https://www.bandsintown.com/a/1882-fountains-of-wayne?came_from=251
Foxes,https://www.bandsintown.com/a/217776-foxes?came_from=251
Foxy Shazam,https://www.bandsintown.com/a/48172-foxy-shazam?came_from=251
Francine Jordi,https://www.bandsintown.com/a/425264-francine-jordi?came_from=251
Frank Black,https://www.bandsintown.com/a/5773-frank-black?came_from=251
Frank Zappa,https://www.bandsintown.com/a/1709-frank-zappa?came_from=251
Franz Ferdinand,https://www.bandsintown.com/a/596-franz-ferdinand?came_from=251
Freddie Mercury,https://www.bandsintown.com/a/191434-freddie-mercury?came_from=251
Freedom Call,https://www.bandsintown.com/a/50617-freedom-call?came_from=251
Frei.Wild,https://www.bandsintown.com/a/124588-frei.wild?came_from=251
French Kicks,https://www.bandsintown.com/a/4175-french-kicks?came_from=251
Frightened Rabbit,https://www.bandsintown.com/a/19465-frightened-rabbit?came_from=251
From Autumn to Ashes,https://www.bandsintown.com/a/496-from-autumn-to-ashes?came_from=251
Front Line Assembly,https://www.bandsintown.com/a/26915-front-line-assembly?came_from=251
Fuel,https://www.bandsintown.com/a/371-fuel?came_from=251
Fun Lovin' Criminals,https://www.bandsintown.com/a/8819-fun-lovin'-criminals?came_from=251
Fun.,https://www.bandsintown.com/a/6280152-fun.?came_from=251
Funkadelic,https://www.bandsintown.com/a/51721-funkadelic?came_from=251
Further Seems Forever,https://www.bandsintown.com/a/1447-further-seems-forever?came_from=251
G. Love & Special Sauce,https://www.bandsintown.com/a/15042818-g.-love-and-special-sauce?came_from=251
G.R.L.,https://www.bandsintown.com/a/7513879-g.r.l.?came_from=251
Gabriella Cilmi,https://www.bandsintown.com/a/184186-gabriella-cilmi?came_from=251
Garbage,https://www.bandsintown.com/a/669-garbage?came_from=251
Gareth Gates,https://www.bandsintown.com/a/39088-gareth-gates?came_from=251
Gary Glitter,https://www.bandsintown.com/a/118800-gary-glitter?came_from=251
Gary Moore,https://www.bandsintown.com/a/30941-gary-moore?came_from=251
Gecko Turner,https://www.bandsintown.com/a/128107-gecko-turner?came_from=251
Gene Vincent,https://www.bandsintown.com/a/55688-gene-vincent?came_from=251
Genesis,https://www.bandsintown.com/a/25285-genesis?came_from=251
George Clinton,https://www.bandsintown.com/a/15396498-george-clinton?came_from=251
George Harrison,https://www.bandsintown.com/a/6327-george-harrison?came_from=251
George Thorogood,https://www.bandsintown.com/a/3618-george-thorogood?came_from=251
Gerry & The Pacemakers,https://www.bandsintown.com/a/80381-gerry-and-the-pacemakers?came_from=251
Get Scared,https://www.bandsintown.com/?came_from=251
GG Allin,https://www.bandsintown.com/a/4262-gg-allin?came_from=251
Ghost,https://www.bandsintown.com/a/14784-ghost?came_from=251
Gin Blossoms,https://www.bandsintown.com/a/1053-gin-blossoms?came_from=251
Gin Wigmore,https://www.bandsintown.com/a/199530-gin-wigmore?came_from=251
Girish and The Chronicles,https://www.bandsintown.com/a/1501938-girish-and-the-chronicles?came_from=251
Girls' Generation,https://www.bandsintown.com/a/337620-?came_from=251
Girlschool,https://www.bandsintown.com/a/14729-girlschool?came_from=251
GIVERS,https://www.bandsintown.com/a/192126-givers?came_from=251
Glenn Frey,https://www.bandsintown.com/a/109834-glenn-frey?came_from=251
Glenn Hughes,https://www.bandsintown.com/a/18506-glenn-hughes?came_from=251
Glim Spanky,https://www.bandsintown.com/a/8208994-glim-spanky?came_from=251
God Is an Astronaut,https://www.bandsintown.com/a/13326-god-is-an-astronaut?came_from=251
Godsmack,https://www.bandsintown.com/a/270-godsmack?came_from=251
Golden Earring,https://www.bandsintown.com/a/47468-golden-earring?came_from=251
Goo Goo Dolls,https://www.bandsintown.com/a/61-goo-goo-dolls?came_from=251
Good Charlotte,https://www.bandsintown.com/a/310-good-charlotte?came_from=251
Good Riddance,https://www.bandsintown.com/a/3635-good-riddance?came_from=251
Gossip,https://www.bandsintown.com/a/1516-gossip?came_from=251
Gotthard,https://www.bandsintown.com/a/57543-gotthard?came_from=251
Gov't Mule,https://www.bandsintown.com/a/3266-gov't-mule?came_from=251
Grace Jones,https://www.bandsintown.com/a/18491-grace-jones?came_from=251
Grace Potter & the Nocturnals,https://www.bandsintown.com/a/12110766-grace-potter?came_from=251
Graham Nash,https://www.bandsintown.com/a/47159-graham-nash?came_from=251
Gram Parsons,https://www.bandsintown.com/a/50354-gram-parsons?came_from=251
Grand Funk Railroad,https://www.bandsintown.com/a/46806-grand-funk-railroad?came_from=251
Grand Magus,https://www.bandsintown.com/a/57186-grand-magus?came_from=251
Grateful Dead,https://www.bandsintown.com/a/6461-grateful-dead?came_from=251
Great Lake Swimmers,https://www.bandsintown.com/a/33932-great-lake-swimmers?came_from=251
Great Northern,https://www.bandsintown.com/a/14128-great-northern?came_from=251
Great White,https://www.bandsintown.com/a/46819-great-white?came_from=251
Green Day,https://www.bandsintown.com/a/254-green-day?came_from=251
Greta Van Fleet,https://www.bandsintown.com/a/4596298-greta-van-fleet?came_from=251
Grimes,https://www.bandsintown.com/a/974457-grimes?came_from=251
Grizfolk,https://www.bandsintown.com/a/6331238-grizfolk?came_from=251
Grizzly Bear,https://www.bandsintown.com/a/2028-grizzly-bear?came_from=251
Guana Batz,https://www.bandsintown.com/a/51950-guana-batz?came_from=251
Guns N' Roses,https://www.bandsintown.com/a/145310-guns-n'-roses?came_from=251
Gus Backus,https://www.bandsintown.com/a/447433-gus-backus?came_from=251
Haim,https://www.bandsintown.com/a/132147-haim?came_from=251
Halestorm,https://www.bandsintown.com/a/4152-halestorm?came_from=251
Halfway to Hazard,https://www.bandsintown.com/a/21533-halfway-to-hazard?came_from=251
Hall & Oates,https://www.bandsintown.com/a/46753-hall-and-oates?came_from=251
Hanni El Khatib,https://www.bandsintown.com/a/313629-hanni-el-khatib?came_from=251
Hard-Fi,https://www.bandsintown.com/a/1827-hard-fi?came_from=251
Harry Chapin,https://www.bandsintown.com/a/7070-harry-chapin?came_from=251
Harry Nilsson,https://www.bandsintown.com/a/50352-harry-nilsson?came_from=251
Hawkwind,https://www.bandsintown.com/a/67148-hawkwind?came_from=251
Heart,https://www.bandsintown.com/a/1091-heart?came_from=251
Hedley,https://www.bandsintown.com/a/1979-hedley?came_from=251
Heidi Newfield,https://www.bandsintown.com/a/178182-heidi-newfield?came_from=251
Heintje,https://www.bandsintown.com/a/436345-heintje?came_from=251
Hello,https://www.bandsintown.com/?came_from=251
Helmet,https://www.bandsintown.com/a/2309-helmet?came_from=251
Herman Rarebell,https://www.bandsintown.com/a/442782-herman-rarebell?came_from=251
Herman's Hermits,https://www.bandsintown.com/a/8651673-herman's-hermits-starring-peter-noone?came_from=251
Hermitude,https://www.bandsintown.com/a/125531-hermitude?came_from=251
Hey Monday,https://www.bandsintown.com/a/198150-hey-monday?came_from=251
Hey Violet,https://www.bandsintown.com/a/12084453-hey-violet?came_from=251
Highly Suspect,https://www.bandsintown.com/a/1222173-highly-suspect?came_from=251
HIM,https://www.bandsintown.com/a/122-him?came_from=251
Hinder,https://www.bandsintown.com/a/6-hinder?came_from=251
Hole,https://www.bandsintown.com/a/50799-hole?came_from=251
Hollywood Undead,https://www.bandsintown.com/a/43-hollywood-undead?came_from=251
Home Grown,https://www.bandsintown.com/a/6782516-homegrown?came_from=251
Hoobastank,https://www.bandsintown.com/a/404-hoobastank?came_from=251
Hootie & the Blowfish,https://www.bandsintown.com/a/3749-hootie-and-the-blowfish?came_from=251
Hot Hot Heat,https://www.bandsintown.com/a/435-hot-hot-heat?came_from=251
Hozier,https://www.bandsintown.com/a/2643026-hozier?came_from=251
Hubris,https://www.bandsintown.com/a/1220263-hubris?came_from=251
Huey Lewis and the News,https://www.bandsintown.com/a/2636-huey-lewis-and-the-news?came_from=251
Hundred Waters,https://www.bandsintown.com/a/2242812-hundred-waters?came_from=251
I See Stars,https://www.bandsintown.com/a/33684-i-see-stars?came_from=251
I Set My Friends on Fire,https://www.bandsintown.com/a/175964-i-set-my-friends-on-fire?came_from=251
Ian Dury,https://www.bandsintown.com/a/132972-ian-dury?came_from=251
Ian Gillan,https://www.bandsintown.com/a/10457-ian-gillan?came_from=251
Icehouse,https://www.bandsintown.com/a/73408-icehouse?came_from=251
If These Trees Could Talk,https://www.bandsintown.com/a/110552-if-these-trees-could-talk?came_from=251
Iggy Pop,https://www.bandsintown.com/a/3067-iggy-pop?came_from=251
Iiah,https://www.bandsintown.com/a/9648332-iiah?came_from=251
Imagine Dragons,https://www.bandsintown.com/a/330488-imagine-dragons?came_from=251
Imany,https://www.bandsintown.com/a/334039-imany?came_from=251
Imelda May,https://www.bandsintown.com/a/49819-imelda-may?came_from=251
In This Moment,https://www.bandsintown.com/a/1105-in-this-moment?came_from=251
Incubus,https://www.bandsintown.com/a/40-incubus?came_from=251
Indian Ocean,https://www.bandsintown.com/a/87723-indian-ocean?came_from=251
Indus Creed,https://www.bandsintown.com/a/126059-indus-creed?came_from=251
Inna,https://www.bandsintown.com/a/347032-inna?came_from=251
Innocence Mission,https://www.bandsintown.com/a/16500-the-innocence-mission?came_from=251
Insane Clown Posse,https://www.bandsintown.com/a/28353-insane-clown-posse?came_from=251
Interpol,https://www.bandsintown.com/a/744-interpol?came_from=251
INXS,https://www.bandsintown.com/a/2067-inxs?came_from=251
Iron & Wine,https://www.bandsintown.com/a/788-iron-and-wine?came_from=251
Iron Butterfly,https://www.bandsintown.com/a/55329-iron-butterfly?came_from=251
Iron Maiden,https://www.bandsintown.com/a/1301-iron-maiden?came_from=251
Islander,https://www.bandsintown.com/a/1988954-islander?came_from=251
Ivan & Alyosha,https://www.bandsintown.com/a/1007202-ivan-and-alyosha?came_from=251
iwrestledabearonce,https://www.bandsintown.com/a/180948-iwrestledabearonce?came_from=251
Izzy Stradlin,https://www.bandsintown.com/a/102844-izzy-stradlin?came_from=251
J. Geils Band,https://www.bandsintown.com/a/12757272-j.-geils-band?came_from=251
Jack White,https://www.bandsintown.com/a/89140-jack-white?came_from=251
Jackie DeShannon,https://www.bandsintown.com/a/395906-jackie-deshannon?came_from=251
Jackson Browne,https://www.bandsintown.com/a/33645-jackson-browne?came_from=251
Jaguares,https://www.bandsintown.com/a/2944-jaguares?came_from=251
Jake Bugg,https://www.bandsintown.com/a/1715300-jake-bugg?came_from=251
Jakob Dylan,https://www.bandsintown.com/a/122913-jakob-dylan?came_from=251
Jamelia,https://www.bandsintown.com/a/15480-jamelia?came_from=251
James Arthur,https://www.bandsintown.com/a/1793083-james-arthur?came_from=251
James Durbin,https://www.bandsintown.com/a/1296418-james-durbin?came_from=251
James Gang,https://www.bandsintown.com/a/71713-james-gang?came_from=251
James Taylor,https://www.bandsintown.com/a/1152-james-taylor?came_from=251
Jamiroquai,https://www.bandsintown.com/a/954-jamiroquai?came_from=251
Jan & Dean,https://www.bandsintown.com/a/83378-jan-and-dean?came_from=251
Jane's Addiction,https://www.bandsintown.com/a/3746-jane's-addiction?came_from=251
Janis Joplin,https://www.bandsintown.com/a/1335-janis-joplin?came_from=251
Jared James Nichols,https://www.bandsintown.com/a/2423269-jared-james-nichols?came_from=251
Jarvis Cocker,https://www.bandsintown.com/a/2219-jarvis-cocker?came_from=251
Jeff Buckley,https://www.bandsintown.com/a/776-jeff-buckley?came_from=251
Jefferson Airplane,https://www.bandsintown.com/a/1506-jefferson-airplane?came_from=251
Jefferson Starship,https://www.bandsintown.com/a/46771-jefferson-starship?came_from=251
Jerry Garcia,https://www.bandsintown.com/a/6523099-jerry-garcia-symphonic-celebration?came_from=251
Jerry Lee Lewis,https://www.bandsintown.com/a/28504-jerry-lee-lewis?came_from=251
Jerry Scheff,https://www.bandsintown.com/a/2657758-jerry-scheff?came_from=251
Jesse Johnson,https://www.bandsintown.com/a/22816-jesse-johnson?came_from=251
Jessie Baylin,https://www.bandsintown.com/a/1355-jessie-baylin?came_from=251
Jet,https://www.bandsintown.com/a/455-jet?came_from=251
Jethro Tull,https://www.bandsintown.com/a/45836-jethro-tull?came_from=251
Jim Croce,https://www.bandsintown.com/a/39397-jim-croce?came_from=251
Jim Morrison,https://www.bandsintown.com/a/152544-jim-morrison?came_from=251
Jim Sullivan,https://www.bandsintown.com/a/661622-jim-sullivan?came_from=251
Jimi Hendrix,https://www.bandsintown.com/a/773-jimi-hendrix?came_from=251
Jimmy Buffett,https://www.bandsintown.com/a/1023495-jimmy-buffett-and-the-coral-reefers?came_from=251
Jimmy Eat World,https://www.bandsintown.com/a/98-jimmy-eat-world?came_from=251
Jimmy Page,https://www.bandsintown.com/a/77839-jimmy-page?came_from=251
Joan Jett & the Blackhearts,https://www.bandsintown.com/a/1083-joan-jett-and-the-blackhearts?came_from=251
Joe Bonamassa,https://www.bandsintown.com/a/7442-joe-bonamassa?came_from=251
Joe Cocker,https://www.bandsintown.com/a/31276-joe-cocker?came_from=251
Joe Ely,https://www.bandsintown.com/a/30859-joe-ely?came_from=251
Joe Satriani,https://www.bandsintown.com/a/1327-joe-satriani?came_from=251
Joe Walsh,https://www.bandsintown.com/a/1842-joe-walsh?came_from=251
Joey Ramone,https://www.bandsintown.com/a/55694-joey-ramone?came_from=251
John 5,https://www.bandsintown.com/a/1845-john-5?came_from=251
John Doe,https://www.bandsintown.com/a/25697-john-doe?came_from=251
John Farnham,https://www.bandsintown.com/a/77624-john-farnham?came_from=251
John Fogerty,https://www.bandsintown.com/a/5053-john-fogerty?came_from=251
John Frusciante,https://www.bandsintown.com/a/1233-john-frusciante?came_from=251
John Hiatt,https://www.bandsintown.com/a/7959-john-hiatt?came_from=251
John Lennon,https://www.bandsintown.com/a/26650-john-lennon?came_from=251
John Mayer,https://www.bandsintown.com/a/1232-john-mayer?came_from=251
John Mellencamp,https://www.bandsintown.com/a/2634-john-mellencamp?came_from=251
John Petrucci,https://www.bandsintown.com/a/9419-john-petrucci?came_from=251
John Sebastian,https://www.bandsintown.com/a/48230-john-sebastian?came_from=251
Johnny Foreigner,https://www.bandsintown.com/a/45508-johnny-foreigner?came_from=251
JoJo,https://www.bandsintown.com/a/104-jojo?came_from=251
Jonny Lang,https://www.bandsintown.com/a/1615-jonny-lang?came_from=251
Jordan Pruitt,https://www.bandsintown.com/a/825-jordan-pruitt?came_from=251
Jordan Rudess,https://www.bandsintown.com/a/15154589-jordan-rudess?came_from=251
Journey,https://www.bandsintown.com/a/228-journey?came_from=251
Joy Division,https://www.bandsintown.com/a/979-joy-division?came_from=251
Judas Priest,https://www.bandsintown.com/a/50320-judas-priest?came_from=251
Julian Lennon,https://www.bandsintown.com/a/22616-julian-lennon?came_from=251
Julianne Hough,https://www.bandsintown.com/a/139884-julianne-hough?came_from=251
Julieta Venegas,https://www.bandsintown.com/a/1155-julieta-venegas?came_from=251
Juliette and the Licks,https://www.bandsintown.com/a/1052-juliette-and-the-licks?came_from=251
July Talk,https://www.bandsintown.com/a/1999572-july-talk?came_from=251
Justin Nozuka,https://www.bandsintown.com/a/3882-justin-nozuka?came_from=251
Kaiser Chiefs,https://www.bandsintown.com/a/1627-kaiser-chiefs?came_from=251
Kaleo,https://www.bandsintown.com/a/21261-kaleo?came_from=251
Kansas,https://www.bandsintown.com/a/1466-kansas?came_from=251
Karnivool,https://www.bandsintown.com/a/4147-karnivool?came_from=251
Kassidy,https://www.bandsintown.com/a/355999-kassidy?came_from=251
Kat Edmonson,https://www.bandsintown.com/a/209533-kat-edmonson?came_from=251
Kate Nash,https://www.bandsintown.com/a/1354-kate-nash?came_from=251
Katzenjammer,https://www.bandsintown.com/a/217554-katzenjammer?came_from=251
Keane,https://www.bandsintown.com/a/365-keane?came_from=251
Keith Emerson,https://www.bandsintown.com/a/248375-keith-emerson?came_from=251
Keith Richards,https://www.bandsintown.com/a/5102-keith-richards?came_from=251
Kendji Girac,https://www.bandsintown.com/a/9721276-kendji-girac?came_from=251
Kenny Loggins,https://www.bandsintown.com/a/28447-kenny-loggins?came_from=251
Kenny Wayne Shepherd,https://www.bandsintown.com/a/8211-kenny-wayne-shepherd?came_from=251
Kid Rock,https://www.bandsintown.com/a/389-kid-rock?came_from=251
Killing Joke,https://www.bandsintown.com/a/17023-killing-joke?came_from=251
Killswitch Engage,https://www.bandsintown.com/a/201-killswitch-engage?came_from=251
Kim Larsen,https://www.bandsintown.com/a/90010-kim-larsen?came_from=251
King Crimson,https://www.bandsintown.com/a/26700-king-crimson?came_from=251
King Diamond,https://www.bandsintown.com/a/3095-king-diamond?came_from=251
King Gizzard & the Lizard Wizard,https://www.bandsintown.com/a/2117024-king-gizzard-and-the-lizard-wizard?came_from=251
King's X,https://www.bandsintown.com/a/4686-king's-x?came_from=251
Kings of Convenience,https://www.bandsintown.com/a/1899-kings-of-convenience?came_from=251
Kings of Leon,https://www.bandsintown.com/a/983-kings-of-leon?came_from=251
Kip Winger,https://www.bandsintown.com/a/4782-kip-winger?came_from=251
Kishi Bashi,https://www.bandsintown.com/a/1337811-kishi-bashi?came_from=251
Kispál és a Borz,https://www.bandsintown.com/a/104649-kispal-es-a-borz?came_from=251
Kiss,https://www.bandsintown.com/a/50049-kiss?came_from=251
Kittie,https://www.bandsintown.com/a/29874-kittie?came_from=251
KMFDM,https://www.bandsintown.com/a/1266-kmfdm?came_from=251
Korn,https://www.bandsintown.com/a/57-korn?came_from=251
Krisiun,https://www.bandsintown.com/a/5927-krisiun?came_from=251
Kristina Train,https://www.bandsintown.com/a/175045-kristina-train?came_from=251
Kryptos,https://www.bandsintown.com/a/126074-kryptos?came_from=251
KT Tunstall,https://www.bandsintown.com/a/302-kt-tunstall?came_from=251
L.A. Guns,https://www.bandsintown.com/a/6605-l.a.-guns?came_from=251
Lacuna Coil,https://www.bandsintown.com/a/314-lacuna-coil?came_from=251
Lamb of God,https://www.bandsintown.com/a/275-lamb-of-god?came_from=251
Langhorne Slim,https://www.bandsintown.com/a/6129-langhorne-slim?came_from=251
Lani Misalucha,https://www.bandsintown.com/a/89697-lani-misalucha?came_from=251
Larry Hernandez,https://www.bandsintown.com/a/258186-larry-hernandez?came_from=251
Larry Norman,https://www.bandsintown.com/a/73694-larry-norman?came_from=251
Laura Marling,https://www.bandsintown.com/a/6096-laura-marling?came_from=251
Law,https://www.bandsintown.com/a/87994-law?came_from=251
Layne Staley,https://www.bandsintown.com/a/648437-layne-staley?came_from=251
Leah,https://www.bandsintown.com/a/208830-leah?came_from=251
Led Zeppelin,https://www.bandsintown.com/a/26630-led-zeppelin?came_from=251
Lee Aaron,https://www.bandsintown.com/a/75622-lee-aaron?came_from=251
Lee DeWyze,https://www.bandsintown.com/a/401086-lee-dewyze?came_from=251
Lee Hazlewood,https://www.bandsintown.com/a/54361-lee-hazlewood?came_from=251
Lena Philipsson,https://www.bandsintown.com/a/57014-lena-philipsson?came_from=251
Lenny Kravitz,https://www.bandsintown.com/a/1505-lenny-kravitz?came_from=251
Leona Lewis,https://www.bandsintown.com/a/2199-leona-lewis?came_from=251
Leonard Cohen,https://www.bandsintown.com/a/50392-leonard-cohen?came_from=251
Les Savy Fav,https://www.bandsintown.com/a/7198-les-savy-fav?came_from=251
Leslie West,https://www.bandsintown.com/a/64713-leslie-west?came_from=251
Levon Helm,https://www.bandsintown.com/a/168716-levon-helm?came_from=251
Liam Bailey,https://www.bandsintown.com/a/245849-liam-bailey?came_from=251
Lifehouse,https://www.bandsintown.com/a/26638-lifehouse?came_from=251
Limp Bizkit,https://www.bandsintown.com/a/292-limp-bizkit?came_from=251
Linda Perhacs,https://www.bandsintown.com/a/96622-linda-perhacs?came_from=251
Linda Ronstadt,https://www.bandsintown.com/a/37252-linda-ronstadt?came_from=251
Linkin Park,https://www.bandsintown.com/a/32-linkin-park?came_from=251
Liquid Tension Experiment,https://www.bandsintown.com/a/51675-liquid-tension-experiment?came_from=251
Lita Ford,https://www.bandsintown.com/a/2561-lita-ford?came_from=251
Little Birdy,https://www.bandsintown.com/a/5663-little-birdy?came_from=251
Little Feat,https://www.bandsintown.com/a/28751-little-feat?came_from=251
Little May,https://www.bandsintown.com/?came_from=251
Little Richard,https://www.bandsintown.com/a/29099-little-richard?came_from=251
Little River Band,https://www.bandsintown.com/a/28644-little-river-band?came_from=251
Live,https://www.bandsintown.com/a/1410-live?came_from=251
Living Colour,https://www.bandsintown.com/a/11230-living-colour?came_from=251
Liz Phair,https://www.bandsintown.com/a/1261-liz-phair?came_from=251
Lloyd Price,https://www.bandsintown.com/a/46769-lloyd-price?came_from=251
Loggins & Messina,https://www.bandsintown.com/a/317266-loggins-and-messina?came_from=251
Los Lobos,https://www.bandsintown.com/a/4677-los-lobos?came_from=251
Los Lonely Boys,https://www.bandsintown.com/a/1768-los-lonely-boys?came_from=251
Lou Reed,https://www.bandsintown.com/a/5612-lou-reed?came_from=251
Loudness,https://www.bandsintown.com/a/58218-loudness?came_from=251
Love Of Lesbian,https://www.bandsintown.com/a/40026-love-of-lesbian?came_from=251
Loverboy,https://www.bandsintown.com/a/5502-loverboy?came_from=251
Lucius,https://www.bandsintown.com/a/163001-lucius?came_from=251
Lynch Mob,https://www.bandsintown.com/a/75173-lynch-mob?came_from=251
Lynyrd Skynyrd,https://www.bandsintown.com/a/564-lynyrd-skynyrd?came_from=251
M83,https://www.bandsintown.com/a/3053-m83?came_from=251
Mac DeMarco,https://www.bandsintown.com/a/2228815-mac-demarco?came_from=251
Madness,https://www.bandsintown.com/a/4016-madness?came_from=251
Magazine,https://www.bandsintown.com/a/57049-magazine?came_from=251
Magellan,https://www.bandsintown.com/a/64989-magellan?came_from=251
Make Me Famous,https://www.bandsintown.com/a/1091253-make-me-famous?came_from=251
Maluma,https://www.bandsintown.com/a/1722556-maluma?came_from=251
Maná,https://www.bandsintown.com/a/600-mana?came_from=251
Manafest,https://www.bandsintown.com/a/4465-manafest?came_from=251
Mando Diao,https://www.bandsintown.com/a/1986-mando-diao?came_from=251
Manfred Mann,https://www.bandsintown.com/a/63530-manfred-mann?came_from=251
Marc Bolan,https://www.bandsintown.com/a/148468-marc-bolan?came_from=251
Maria Mena,https://www.bandsintown.com/a/1924-maria-mena?came_from=251
Marillion,https://www.bandsintown.com/a/3989-marillion?came_from=251
Marilyn Manson,https://www.bandsintown.com/a/26648-marilyn-manson?came_from=251
Marina and The Diamonds,https://www.bandsintown.com/a/4758215-marina-and-the-diamonds?came_from=251
Matchbox Twenty,https://www.bandsintown.com/a/14315-matchbox-twenty?came_from=251
Matt and Kim,https://www.bandsintown.com/a/11748945-matt-and-kim?came_from=251
matt pond PA,https://www.bandsintown.com/a/2699-matt-pond-pa?came_from=251
Matthew E. White,https://www.bandsintown.com/a/2723489-matthew-e.-white?came_from=251
Max Martin,https://www.bandsintown.com/a/1065974-max-martin?came_from=251
Maynard James Keenan,https://www.bandsintown.com/a/321750-maynard-james-keenan?came_from=251
Meat Loaf,https://www.bandsintown.com/a/1612-meat-loaf?came_from=251
Meg & Dia,https://www.bandsintown.com/a/312-meg-and-dia?came_from=251
Megadeth,https://www.bandsintown.com/a/551-megadeth?came_from=251
Melissa Auf der Maur,https://www.bandsintown.com/a/10895-auf-der-maur?came_from=251
Melissa Etheridge,https://www.bandsintown.com/a/3896-melissa-etheridge?came_from=251
Melody Gardot,https://www.bandsintown.com/a/48580-melody-gardot?came_from=251
Men at Work,https://www.bandsintown.com/a/32775-men-at-work?came_from=251
Metallica,https://www.bandsintown.com/a/128-metallica?came_from=251
MGMT,https://www.bandsintown.com/a/37420-mgmt?came_from=251
Michael Hedges,https://www.bandsintown.com/a/41698-michael-hedges?came_from=251
Mick Jagger,https://www.bandsintown.com/a/262908-mick-jagger?came_from=251
Midnight Oil,https://www.bandsintown.com/a/16082-midnight-oil?came_from=251
Mika,https://www.bandsintown.com/a/657-mika?came_from=251
Mike + the Mechanics,https://www.bandsintown.com/a/1079200-mike-+-the-mechanics?came_from=251
Mike Farris,https://www.bandsintown.com/a/152094-mike-farris?came_from=251
Ministry,https://www.bandsintown.com/a/2464-ministry?came_from=251
Miranda Cosgrove,https://www.bandsintown.com/a/251654-miranda-cosgrove?came_from=251
Moby Grape,https://www.bandsintown.com/a/21991-moby-grape?came_from=251
Modern English,https://www.bandsintown.com/a/20932-modern-english?came_from=251
Modest Mouse,https://www.bandsintown.com/a/438-modest-mouse?came_from=251
Mogwai,https://www.bandsintown.com/a/1313-mogwai?came_from=251
Molly Hatchet,https://www.bandsintown.com/a/5604-molly-hatchet?came_from=251
Monaco,https://www.bandsintown.com/a/104762-monaco?came_from=251
Morrissey,https://www.bandsintown.com/a/1021-morrissey?came_from=251
Motherjane,https://www.bandsintown.com/a/126065-motherjane?came_from=251
Motion City Soundtrack,https://www.bandsintown.com/a/95-motion-city-soundtrack?came_from=251
Mötley Crüe,https://www.bandsintown.com/a/50324-motley-crue?came_from=251
Motörhead,https://www.bandsintown.com/a/50321-motorhead?came_from=251
Mountain,https://www.bandsintown.com/a/28704-mountain?came_from=251
Mourning Beloveth,https://www.bandsintown.com/a/68606-mourning-beloveth?came_from=251
Mudvayne,https://www.bandsintown.com/a/223-mudvayne?came_from=251
Mumford & Sons,https://www.bandsintown.com/a/185891-mumford-and-sons?came_from=251
Muse,https://www.bandsintown.com/a/143-muse?came_from=251
My Bloody Valentine,https://www.bandsintown.com/a/7207-my-bloody-valentine?came_from=251
My Chemical Romance,https://www.bandsintown.com/a/17-my-chemical-romance?came_from=251
Nashville Pussy,https://www.bandsintown.com/a/6925-nashville-pussy?came_from=251
Nat & Alex Wolff,https://www.bandsintown.com/a/223815-nat-and-alex-wolff?came_from=251
Neil Young,https://www.bandsintown.com/a/1343-neil-young?came_from=251
New York Dolls,https://www.bandsintown.com/a/2652-new-york-dolls?came_from=251
Nickelback,https://www.bandsintown.com/a/23-nickelback?came_from=251
Nicole Scherzinger,https://www.bandsintown.com/a/38068-nicole-scherzinger?came_from=251
Night Riots,https://www.bandsintown.com/a/6246658-night-riots?came_from=251
Nine Inch Nails,https://www.bandsintown.com/a/421-nine-inch-nails?came_from=251
Nirvana,https://www.bandsintown.com/a/184-nirvana?came_from=251
NKOTBSB,https://www.bandsintown.com/a/1138019-nkotbsb?came_from=251
No Doubt,https://www.bandsintown.com/a/472-no-doubt?came_from=251
Noah and the Whale,https://www.bandsintown.com/a/84342-noah-and-the-whale?came_from=251
OAG,https://www.bandsintown.com/a/56837-oag?came_from=251
Oasis,https://www.bandsintown.com/a/249-oasis?came_from=251
of Verona,https://www.bandsintown.com/a/931967-of-verona?came_from=251
Oh Hiroshima,https://www.bandsintown.com/a/594379-oh-hiroshima?came_from=251
Oh Wonder,https://www.bandsintown.com/a/11455957-oh-wonder?came_from=251
OK Go,https://www.bandsintown.com/a/262-ok-go?came_from=251
Opeth,https://www.bandsintown.com/a/687-opeth?came_from=251
Orianthi,https://www.bandsintown.com/a/20098-orianthi?came_from=251
Our Lady Peace,https://www.bandsintown.com/a/871-our-lady-peace?came_from=251
Our Last Night,https://www.bandsintown.com/a/3166-our-last-night?came_from=251
Ozzy Osbourne,https://www.bandsintown.com/a/625-ozzy-osbourne?came_from=251
P.O.D.,https://www.bandsintown.com/a/366-p.o.d.?came_from=251
Panic! at the Disco,https://www.bandsintown.com/a/1938355-panic!-at-the-disco?came_from=251
Pantera,https://www.bandsintown.com/a/273-pantera?came_from=251
Papa Roach,https://www.bandsintown.com/a/156-papa-roach?came_from=251
Paramore,https://www.bandsintown.com/a/203-paramore?came_from=251
Parikrama,https://www.bandsintown.com/a/1063314-p-a-r-i-k-r-a-m-a?came_from=251
Parliament,https://www.bandsintown.com/a/51719-parliament?came_from=251
Pat Benatar,https://www.bandsintown.com/a/29196-pat-benatar?came_from=251
Patrick Stump,https://www.bandsintown.com/a/58729-patrick-stump?came_from=251
Patrick Wolf,https://www.bandsintown.com/a/3044-patrick-wolf?came_from=251
Patti Smith,https://www.bandsintown.com/a/31491-patti-smith?came_from=251
Paul Gilbert,https://www.bandsintown.com/a/3222-paul-gilbert?came_from=251
Paul Heaton,https://www.bandsintown.com/a/159823-paul-heaton?came_from=251
Paul McCartney,https://www.bandsintown.com/a/26655-paul-mccartney?came_from=251
Pearl Jam,https://www.bandsintown.com/a/589-pearl-jam?came_from=251
Pentagram,https://www.bandsintown.com/a/35567-pentagram?came_from=251
Pepper,https://www.bandsintown.com/a/406-pepper?came_from=251
Peter Blakeley,https://www.bandsintown.com/a/485529-peter-blakeley?came_from=251
Peter Frampton,https://www.bandsintown.com/a/1955-peter-frampton?came_from=251
Peter Gabriel,https://www.bandsintown.com/a/31251-peter-gabriel?came_from=251
Peter LeMarc,https://www.bandsintown.com/a/248974-peter-lemarc?came_from=251
Petula Clark,https://www.bandsintown.com/a/12982-petula-clark?came_from=251
Phil Collins,https://www.bandsintown.com/a/50316-phil-collins?came_from=251
Phillip Phillips,https://www.bandsintown.com/a/2257298-phillip-phillips?came_from=251
Phish,https://www.bandsintown.com/a/1323-phish?came_from=251
Pink Floyd,https://www.bandsintown.com/a/260-pink-floyd?came_from=251
Pixies,https://www.bandsintown.com/a/417-pixies?came_from=251
PJ Harvey,https://www.bandsintown.com/a/1346-pj-harvey?came_from=251
Plain White T's,https://www.bandsintown.com/a/72-plain-white-t's?came_from=251
Poison,https://www.bandsintown.com/a/490-poison?came_from=251
Pop Etc,https://www.bandsintown.com/a/2532108-pop-etc?came_from=251
Pop Evil,https://www.bandsintown.com/a/16090-pop-evil?came_from=251
Porno for Pyros,https://www.bandsintown.com/a/23717-porno-for-pyros?came_from=251
Porno Graffitti,https://www.bandsintown.com/a/248288-?came_from=251
Primus,https://www.bandsintown.com/a/1263-primus?came_from=251
Priory,https://www.bandsintown.com/a/1281164-priory?came_from=251
Psychedelic Porn Crumpets,https://www.bandsintown.com/a/11091677-psychedelic-porn-crumpets?came_from=251
Puddle of Mudd,https://www.bandsintown.com/a/453-puddle-of-mudd?came_from=251
Queen,https://www.bandsintown.com/a/26635-queen?came_from=251
Queens of the Stone Age,https://www.bandsintown.com/a/796-queens-of-the-stone-age?came_from=251
Queensrÿche,https://www.bandsintown.com/a/50621-queensryche?came_from=251
Quicksilver Messenger Service,https://www.bandsintown.com/a/80431-quicksilver-messenger-service?came_from=251
Quiet Riot,https://www.bandsintown.com/a/46516-quiet-riot?came_from=251
R.E.M.,https://www.bandsintown.com/a/2850-r.e.m.?came_from=251
Ra Ra Riot,https://www.bandsintown.com/a/6826-ra-ra-riot?came_from=251
Radiohead,https://www.bandsintown.com/a/25874-radiohead?came_from=251
Rage Against the Machine,https://www.bandsintown.com/a/26632-rage-against-the-machine?came_from=251
Rainbow,https://www.bandsintown.com/a/7905-rainbow?came_from=251
Ral Donner,https://www.bandsintown.com/a/264060-ral-donner?came_from=251
Rammstein,https://www.bandsintown.com/a/627-rammstein?came_from=251
Rancid,https://www.bandsintown.com/a/485-rancid?came_from=251
Ray LaMontagne,https://www.bandsintown.com/a/582-ray-lamontagne?came_from=251
Ray Smith,https://www.bandsintown.com/a/110027-ray-smith?came_from=251
Red Hot Chili Peppers,https://www.bandsintown.com/a/44-red-hot-chili-peppers?came_from=251
Red Line Chemistry,https://www.bandsintown.com/a/44208-red-line-chemistry?came_from=251
Reel Big Fish,https://www.bandsintown.com/a/3758382-reel-big-fish?came_from=251
Renaissance,https://www.bandsintown.com/a/69530-renaissance?came_from=251
REO Speedwagon,https://www.bandsintown.com/a/1984-reo-speedwagon?came_from=251
Rhydian,https://www.bandsintown.com/a/225420-rhydian?came_from=251
Rick Danko,https://www.bandsintown.com/a/387416-rick-danko?came_from=251
Ringo Starr,https://www.bandsintown.com/a/94130-ringo-starr?came_from=251
Rise Against,https://www.bandsintown.com/a/118-rise-against?came_from=251
Ritchie Valens,https://www.bandsintown.com/a/63662-ritchie-valens?came_from=251
Rivermaya,https://www.bandsintown.com/a/33203-rivermaya?came_from=251
Rob Halford,https://www.bandsintown.com/a/7139-halford?came_from=251
Rob Thomas,https://www.bandsintown.com/a/538-rob-thomas?came_from=251
Rob Zombie,https://www.bandsintown.com/a/192-rob-zombie?came_from=251
Robert Cray,https://www.bandsintown.com/a/10388-robert-cray?came_from=251
Robert Francis,https://www.bandsintown.com/a/171831-robert-francis?came_from=251
Robert Plant,https://www.bandsintown.com/a/67883-robert-plant?came_from=251
Rod Stewart,https://www.bandsintown.com/a/24169-rod-stewart?came_from=251
Ronnie Hawkins,https://www.bandsintown.com/a/387089-ronnie-hawkins?came_from=251
Ronnie James Dio,https://www.bandsintown.com/a/49589-ronnie-james-dio?came_from=251
Rooney,https://www.bandsintown.com/a/782-rooney?came_from=251
Roxy Music,https://www.bandsintown.com/a/52121-roxy-music?came_from=251
Roy Orbison,https://www.bandsintown.com/a/3006-roy-orbison?came_from=251
Royal Blood,https://www.bandsintown.com/a/1182086-royal-blood?came_from=251
Rufio,https://www.bandsintown.com/a/819-rufio?came_from=251
Rush,https://www.bandsintown.com/a/26702-rush?came_from=251
Ryuichi Sakamoto,https://www.bandsintown.com/a/1030529-ryuichi-sakamoto?came_from=251
Saint Motel,https://www.bandsintown.com/a/23093-saint-motel?came_from=251
Saliva,https://www.bandsintown.com/a/495-saliva?came_from=251
Sammy Hagar,https://www.bandsintown.com/a/1079396-sammy-hagar-(the-red-rocker)?came_from=251
Santana,https://www.bandsintown.com/a/43790-santana?came_from=251
Sarah Blasko,https://www.bandsintown.com/a/5418-sarah-blasko?came_from=251
Saving Jane,https://www.bandsintown.com/a/253-saving-jane?came_from=251
Scorpions,https://www.bandsintown.com/a/1487-scorpions?came_from=251
Seether,https://www.bandsintown.com/a/167-seether?came_from=251
Seldom Scene,https://www.bandsintown.com/a/47046-the-seldom-scene?came_from=251
Sepultura,https://www.bandsintown.com/a/1641-sepultura?came_from=251
Sevendust,https://www.bandsintown.com/a/789-sevendust?came_from=251
Sex Pistols,https://www.bandsintown.com/a/50416-sex-pistols?came_from=251
Shakin' Stevens,https://www.bandsintown.com/a/83463-shakin'-stevens?came_from=251
Shawn Mendes,https://www.bandsintown.com/a/8371462-shawn-mendes?came_from=251
Shawn Mullins,https://www.bandsintown.com/a/2239-shawn-mullins?came_from=251
Shayne Ward,https://www.bandsintown.com/a/2742-shayne-ward?came_from=251
Sheila on 7,https://www.bandsintown.com/a/35105-sheila-on-7?came_from=251
Sheryl Crow,https://www.bandsintown.com/a/26707-sheryl-crow?came_from=251
Shinedown,https://www.bandsintown.com/a/230-shinedown?came_from=251
Shocking Blue,https://www.bandsintown.com/a/72122-shocking-blue?came_from=251
Sick Puppies,https://www.bandsintown.com/a/28580-sick-puppies?came_from=251
Sigur Ros,https://www.bandsintown.com/a/25873-sigur-ros?came_from=251
Silverchair,https://www.bandsintown.com/a/1339-silverchair?came_from=251
Simon & Garfunkel,https://www.bandsintown.com/a/3457-simon-and-garfunkel?came_from=251
Simple Minds,https://www.bandsintown.com/a/2575-simple-minds?came_from=251
Simple Plan,https://www.bandsintown.com/a/363-simple-plan?came_from=251
Sinéad O'Connor,https://www.bandsintown.com/a/47670-sinead-o'connor?came_from=251
Siouxsie and the Banshees,https://www.bandsintown.com/a/2768-siouxsie-and-the-banshees?came_from=251
Siti Nurhaliza,https://www.bandsintown.com/a/6224-siti-nurhaliza?came_from=251
Six Feet Under,https://www.bandsintown.com/a/2329-six-feet-under?came_from=251
Sixto Rodriguez,https://www.bandsintown.com/a/268907-sixto-rodriguez?came_from=251
Sixx:A.M.,https://www.bandsintown.com/a/318500-sixx:-a.m.?came_from=251
Skid Row,https://www.bandsintown.com/a/1473-skid-row?came_from=251
Skillet,https://www.bandsintown.com/a/462-skillet?came_from=251
Skylar Grey,https://www.bandsintown.com/a/1234913-skylar-grey?came_from=251
Slade,https://www.bandsintown.com/a/34048-slade?came_from=251
Slayer,https://www.bandsintown.com/a/386-slayer?came_from=251
sleepmakeswaves,https://www.bandsintown.com/a/301720-sleepmakeswaves?came_from=251
Slipknot,https://www.bandsintown.com/a/77-slipknot?came_from=251
Sly and the Family Stone,https://www.bandsintown.com/a/5060-sly-and-the-family-stone?came_from=251
Small Faces,https://www.bandsintown.com/a/25625-small-faces?came_from=251
Smash Mouth,https://www.bandsintown.com/a/962-smash-mouth?came_from=251
Smokie,https://www.bandsintown.com/a/65087-smokie?came_from=251
Snarky Puppy,https://www.bandsintown.com/a/49456-snarky-puppy?came_from=251
Snow Patrol,https://www.bandsintown.com/a/45-snow-patrol?came_from=251
Social Distortion,https://www.bandsintown.com/a/459-social-distortion?came_from=251
Soft Machine,https://www.bandsintown.com/a/56442-soft-machine?came_from=251
SOiL,https://www.bandsintown.com/a/1358-soil?came_from=251
Soundgarden,https://www.bandsintown.com/a/26645-soundgarden?came_from=251
Sparta,https://www.bandsintown.com/a/854-sparta?came_from=251
Spineshank,https://www.bandsintown.com/a/4241-spineshank?came_from=251
St. Lucia,https://www.bandsintown.com/a/1822679-st.-lucia?came_from=251
Staind,https://www.bandsintown.com/a/120-staind?came_from=251
Stars,https://www.bandsintown.com/a/2052-stars?came_from=251
Starship,https://www.bandsintown.com/a/1123221-starship-featuring-mickey-thomas?came_from=251
Status Quo,https://www.bandsintown.com/a/11602-status-quo?came_from=251
Steamhammer,https://www.bandsintown.com/a/61348-steamhammer?came_from=251
Steel Panther,https://www.bandsintown.com/a/213291-steel-panther?came_from=251
Steely Dan,https://www.bandsintown.com/a/28975-steely-dan?came_from=251
Steppenwolf,https://www.bandsintown.com/a/51012-steppenwolf?came_from=251
Stereophonics,https://www.bandsintown.com/a/1201-stereophonics?came_from=251
Steve Earle,https://www.bandsintown.com/a/4850-steve-earle?came_from=251
Steve Miller Band,https://www.bandsintown.com/a/711-steve-miller-band?came_from=251
Steve Vai,https://www.bandsintown.com/a/916-steve-vai?came_from=251
Steve Winwood,https://www.bandsintown.com/a/31017-steve-winwood?came_from=251
Steven Tyler,https://www.bandsintown.com/a/199977-steven-tyler?came_from=251
Stevie Nicks,https://www.bandsintown.com/a/29127-stevie-nicks?came_from=251
Stevie Ray Vaughan,https://www.bandsintown.com/a/2109-stevie-ray-vaughan?came_from=251
Sting,https://www.bandsintown.com/a/1826-sting?came_from=251
Stone Sour,https://www.bandsintown.com/a/83-stone-sour?came_from=251
Stone Temple Pilots,https://www.bandsintown.com/a/1172-stone-temple-pilots?came_from=251
Strawberry Alarm Clock,https://www.bandsintown.com/a/36338-strawberry-alarm-clock?came_from=251
Stray Cats,https://www.bandsintown.com/a/4210-stray-cats?came_from=251
Street Sweeper Social Club,https://www.bandsintown.com/a/266436-street-sweeper-social-club?came_from=251
Strfkr,https://www.bandsintown.com/a/10802663-strfkr?came_from=251
Styx,https://www.bandsintown.com/a/1819-styx?came_from=251
Sublime,https://www.bandsintown.com/a/109-sublime?came_from=251
Sugar Ray,https://www.bandsintown.com/a/1428-sugar-ray?came_from=251
Sugarloaf,https://www.bandsintown.com/a/103217-sugarloaf?came_from=251
Suicide Machines,https://www.bandsintown.com/a/3138-the-suicide-machines?came_from=251
Sum 41,https://www.bandsintown.com/a/114-sum-41?came_from=251
Supertramp,https://www.bandsintown.com/a/239311-supertramp?came_from=251
Survivor,https://www.bandsintown.com/a/3008-survivor?came_from=251
Suzanne Vega,https://www.bandsintown.com/a/4779-suzanne-vega?came_from=251
Sweet,https://www.bandsintown.com/a/14740-sweet?came_from=251
Syd Barrett,https://www.bandsintown.com/a/22038-syd-barrett?came_from=251
System of a Down,https://www.bandsintown.com/a/54-system-of-a-down?came_from=251
T. Rex,https://www.bandsintown.com/a/5370-t.-rex?came_from=251
Taio Cruz,https://www.bandsintown.com/a/3178-taio-cruz?came_from=251
Taking Back Sunday,https://www.bandsintown.com/a/9-taking-back-sunday?came_from=251
Talking Heads,https://www.bandsintown.com/a/1306-talking-heads?came_from=251
Tame Impala,https://www.bandsintown.com/a/208845-tame-impala?came_from=251
Tangerine Dream,https://www.bandsintown.com/a/12666-tangerine-dream?came_from=251
Taylor Hicks,https://www.bandsintown.com/a/1755-taylor-hicks?came_from=251
Ted Nugent,https://www.bandsintown.com/a/2293-ted-nugent?came_from=251
Tenacious D,https://www.bandsintown.com/a/431-tenacious-d?came_from=251
Terry Smith,https://www.bandsintown.com/a/488206-terry-smith?came_from=251
Tesla,https://www.bandsintown.com/a/1324635-tesla-the-band?came_from=251
Thaikkudam Bridge,https://www.bandsintown.com/a/8533792-thaikkudam-bridge?came_from=251
The 13th Floor Elevators,https://www.bandsintown.com/a/262221-the-13th-floor-elevators?came_from=251
The 1975,https://www.bandsintown.com/a/2416494-the-1975?came_from=251
The Academy Is...,https://www.bandsintown.com/a/163-the-academy-is...?came_from=251
The Adverts,https://www.bandsintown.com/a/54510-the-adverts?came_from=251
The Alan Parsons Project,https://www.bandsintown.com/a/65511-the-alan-parsons-project?came_from=251
The Album Leaf,https://www.bandsintown.com/a/1224-the-album-leaf?came_from=251
The All-American Rejects,https://www.bandsintown.com/a/55-the-all-american-rejects?came_from=251
The Allman Brothers Band,https://www.bandsintown.com/a/47070-the-allman-brothers-band?came_from=251
The Animals,https://www.bandsintown.com/a/50394-the-animals?came_from=251
The Aristocrats,https://www.bandsintown.com/a/316283-the-aristocrats?came_from=251
The Avett Brothers,https://www.bandsintown.com/a/2602-the-avett-brothers?came_from=251
The B-52's,https://www.bandsintown.com/a/46351-the-b-52's?came_from=251
The Band,https://www.bandsintown.com/a/50203-the-band?came_from=251
The Bangles,https://www.bandsintown.com/a/3175-the-bangles?came_from=251
The Beach Boys,https://www.bandsintown.com/a/1921-the-beach-boys?came_from=251
The Beatles,https://www.bandsintown.com/a/316-the-beatles?came_from=251
The Big Bopper,https://www.bandsintown.com/a/23646-the-big-bopper?came_from=251
The Big F,https://www.bandsintown.com/a/470270-the-big-f?came_from=251
The Black Crowes,https://www.bandsintown.com/a/3403-the-black-crowes?came_from=251
The Black Keys,https://www.bandsintown.com/a/955-the-black-keys?came_from=251
The Bottle Rockets,https://www.bandsintown.com/a/30691-the-bottle-rockets?came_from=251
The Breeders,https://www.bandsintown.com/a/26661-the-breeders?came_from=251
The Byrds,https://www.bandsintown.com/a/50205-the-byrds?came_from=251
The Cardigans,https://www.bandsintown.com/a/707-the-cardigans?came_from=251
The Cars,https://www.bandsintown.com/a/50511-the-cars?came_from=251
The Cat Empire,https://www.bandsintown.com/a/2719-the-cat-empire?came_from=251
The Charlatans,https://www.bandsintown.com/a/3659-the-charlatans?came_from=251
The Chocolate Watchband,https://www.bandsintown.com/a/262188-the-chocolate-watchband?came_from=251
The Clash,https://www.bandsintown.com/a/756-the-clash?came_from=251
The Cranberries,https://www.bandsintown.com/a/26642-the-cranberries?came_from=251
The Cult,https://www.bandsintown.com/a/2261-the-cult?came_from=251
The Cure,https://www.bandsintown.com/a/384-the-cure?came_from=251
The Darkness,https://www.bandsintown.com/a/888-the-darkness?came_from=251
The Dave Clark Five,https://www.bandsintown.com/a/79970-the-dave-clark-five?came_from=251
The Decemberists,https://www.bandsintown.com/a/602-the-decemberists?came_from=251
The Distillers,https://www.bandsintown.com/a/50312-the-distillers?came_from=251
The Donnas,https://www.bandsintown.com/a/816-the-donnas?came_from=251
The Doobie Brothers,https://www.bandsintown.com/a/37982-the-doobie-brothers?came_from=251
The Doors,https://www.bandsintown.com/a/841-the-doors?came_from=251
The Down Troddence,https://www.bandsintown.com/a/1170970-the-down-troddence?came_from=251
The Electric Flag,https://www.bandsintown.com/a/410965-the-electric-flag?came_from=251
The Electric Prunes,https://www.bandsintown.com/a/78209-the-electric-prunes?came_from=251
The Eraserheads,https://www.bandsintown.com/a/1467322-the-eraserheads?came_from=251
The Everly Brothers,https://www.bandsintown.com/a/21139-the-everly-brothers?came_from=251
The Fixx,https://www.bandsintown.com/a/7912-the-fixx?came_from=251
The Flaming Lips,https://www.bandsintown.com/a/722-the-flaming-lips?came_from=251
The Flys,https://www.bandsintown.com/a/15461-the-flys?came_from=251
The Four Seasons,https://www.bandsintown.com/a/8410-the-four-seasons?came_from=251
The Fray,https://www.bandsintown.com/a/4-the-fray?came_from=251
The Gaslight Anthem,https://www.bandsintown.com/a/16502-the-gaslight-anthem?came_from=251
The Georgia Satellites,https://www.bandsintown.com/a/102285-the-georgia-satellites?came_from=251
The Go-Go's,https://www.bandsintown.com/a/11960-go-go's?came_from=251
The Good Brothers,https://www.bandsintown.com/a/48898-the-good-brothers?came_from=251
The Great Society,https://www.bandsintown.com/a/282697-the-great-society?came_from=251
The Guess Who,https://www.bandsintown.com/a/5757-the-guess-who?came_from=251
The Hidden Cameras,https://www.bandsintown.com/a/24742-the-hidden-cameras?came_from=251
The Hives,https://www.bandsintown.com/a/26636-the-hives?came_from=251
The Hollies,https://www.bandsintown.com/a/4619-the-hollies?came_from=251
The Horrors,https://www.bandsintown.com/a/943-the-horrors?came_from=251
The Human League,https://www.bandsintown.com/a/50640-the-human-league?came_from=251
The Jam,https://www.bandsintown.com/a/3527-the-jam?came_from=251
The Jesus and Mary Chain,https://www.bandsintown.com/a/5760-the-jesus-and-mary-chain?came_from=251
The Kentucky Headhunters,https://www.bandsintown.com/a/47592-the-kentucky-headhunters?came_from=251
The Killers,https://www.bandsintown.com/a/52-the-killers?came_from=251
The Kinks,https://www.bandsintown.com/a/26651-the-kinks?came_from=251
The Knife,https://www.bandsintown.com/a/892-the-knife?came_from=251
The Libertines,https://www.bandsintown.com/a/26663-the-libertines?came_from=251
The Lively Ones,https://www.bandsintown.com/a/130786-the-lively-ones?came_from=251
The Local Train,https://www.bandsintown.com/a/1484361-the-local-train?came_from=251
The Lone Bellow,https://www.bandsintown.com/a/4912256-the-lone-bellow?came_from=251
The Lovin' Spoonful,https://www.bandsintown.com/a/46471-the-lovin'-spoonful?came_from=251
The Lumineers,https://www.bandsintown.com/a/361853-the-lumineers?came_from=251
The Mamas & The Papas,https://www.bandsintown.com/a/3563-the-mamas-and-the-papas?came_from=251
The Marshall Tucker Band,https://www.bandsintown.com/a/12068-the-marshall-tucker-band?came_from=251
The Misfits,https://www.bandsintown.com/a/674-misfits?came_from=251
The Monkees,https://www.bandsintown.com/a/39247-the-monkees?came_from=251
The Moody Blues,https://www.bandsintown.com/a/45972-the-moody-blues?came_from=251
The National,https://www.bandsintown.com/a/4840-the-national?came_from=251
The Nitty Gritty Dirt Band,https://www.bandsintown.com/a/46478-the-nitty-gritty-dirt-band?came_from=251
The Nolans,https://www.bandsintown.com/a/125992-the-nolans?came_from=251
The Offspring,https://www.bandsintown.com/a/327-the-offspring?came_from=251
The Outfield,https://www.bandsintown.com/a/6235-the-outfield?came_from=251
The Panic Division,https://www.bandsintown.com/a/2679-the-panic-division?came_from=251
The Peanut Butter Conspiracy,https://www.bandsintown.com/a/410967-the-peanut-butter-conspiracy?came_from=251
The Police,https://www.bandsintown.com/a/1027-the-police?came_from=251
The Polyphonic Spree,https://www.bandsintown.com/a/4793-the-polyphonic-spree?came_from=251
The Presidents of the United States of America,https://www.bandsintown.com/a/26692-the-presidents-of-the-united-states-of-america?came_from=251
The Pretenders,https://www.bandsintown.com/a/4746-the-pretenders?came_from=251
The Pretty Reckless,https://www.bandsintown.com/a/275226-the-pretty-reckless?came_from=251
The Psychedelic Furs,https://www.bandsintown.com/a/48063-the-psychedelic-furs?came_from=251
The Raconteurs,https://www.bandsintown.com/a/848-the-raconteurs?came_from=251
The Ramones,https://www.bandsintown.com/a/745-ramones?came_from=251
The Rasmus,https://www.bandsintown.com/a/1050-the-rasmus?came_from=251
The Red Jumpsuit Apparatus,https://www.bandsintown.com/a/29-the-red-jumpsuit-apparatus?came_from=251
The Rolling Stones,https://www.bandsintown.com/a/1002-the-rolling-stones?came_from=251
The Royal Concept,https://www.bandsintown.com/a/2665919-the-royal-concept?came_from=251
The Runaways,https://www.bandsintown.com/a/8921-the-runaways?came_from=251
The Script,https://www.bandsintown.com/a/40539-the-script?came_from=251
The Searchers,https://www.bandsintown.com/a/31185-the-searchers?came_from=251
The Seekers,https://www.bandsintown.com/a/261792-the-seekers?came_from=251
The Shins,https://www.bandsintown.com/a/242-the-shins?came_from=251
The Smashing Pumpkins,https://www.bandsintown.com/a/26082-the-smashing-pumpkins?came_from=251
The Smiths,https://www.bandsintown.com/a/26084-the-smiths?came_from=251
The Spill Canvas,https://www.bandsintown.com/a/304-the-spill-canvas?came_from=251
The SteelDrivers,https://www.bandsintown.com/a/177036-the-steeldrivers?came_from=251
The Stone Poneys,https://www.bandsintown.com/a/269055-the-stone-poneys?came_from=251
The Stone Roses,https://www.bandsintown.com/a/3656-the-stone-roses?came_from=251
The Stooges,https://www.bandsintown.com/a/11753-the-stooges?came_from=251
The Strokes,https://www.bandsintown.com/a/258-the-strokes?came_from=251
The Temptations,https://www.bandsintown.com/a/27969-the-temptations?came_from=251
The Thrills,https://www.bandsintown.com/a/3586-the-thrills?came_from=251
The Ting Tings,https://www.bandsintown.com/a/172221-the-ting-tings?came_from=251
The Toasters,https://www.bandsintown.com/a/6469-the-toasters?came_from=251
The Tragically Hip,https://www.bandsintown.com/a/4450-the-tragically-hip?came_from=251
The Traveling Wilburys,https://www.bandsintown.com/a/63529-traveling-wilburys?came_from=251
The Troggs,https://www.bandsintown.com/a/9780-the-troggs?came_from=251
The Tubes,https://www.bandsintown.com/a/11123-the-tubes?came_from=251
The Urge,https://www.bandsintown.com/a/308663-the-urge?came_from=251
The Used,https://www.bandsintown.com/a/155-the-used?came_from=251
The Vandals,https://www.bandsintown.com/a/2034-the-vandals?came_from=251
The Velvet Underground,https://www.bandsintown.com/a/26631-the-velvet-underground?came_from=251
The Veronicas,https://www.bandsintown.com/a/86-the-veronicas?came_from=251
The Verve,https://www.bandsintown.com/a/26634-the-verve?came_from=251
The Von Bondies,https://www.bandsintown.com/a/2446-the-von-bondies?came_from=251
The Waterboys,https://www.bandsintown.com/a/14931561-the-waterboys?came_from=251
The West Coast Pop Art Experimental Band,https://www.bandsintown.com/a/397761-the-west-coast-pop-art-experimental-band?came_from=251
The White Stripes,https://www.bandsintown.com/a/26081-the-white-stripes?came_from=251
The Who,https://www.bandsintown.com/a/554-the-who?came_from=251
The World Is a Beautiful Place & I Am No Longer Afraid to Die,https://www.bandsintown.com/a/1106900-the-world-is-a-beautiful-place-and-i-am-no-longer-afraid-to-die?came_from=251
The XX,https://www.bandsintown.com/a/243545-the-xx?came_from=251
The Yardbirds,https://www.bandsintown.com/a/14106-the-yardbirds-authorized?came_from=251
The Zombies,https://www.bandsintown.com/a/34093-the-zombies?came_from=251
Them Crooked Vultures,https://www.bandsintown.com/a/315966-them-crooked-vultures?came_from=251
Theory of a Deadman,https://www.bandsintown.com/a/904-theory-of-a-deadman?came_from=251
There for Tomorrow,https://www.bandsintown.com/a/165273-there-for-tomorrow?came_from=251
Thin Lizzy,https://www.bandsintown.com/a/2622-thin-lizzy?came_from=251
Third Eye Blind,https://www.bandsintown.com/a/297-third-eye-blind?came_from=251
Thirty Seconds to Mars,https://www.bandsintown.com/a/101-thirty-seconds-to-mars?came_from=251
This Will Destroy You,https://www.bandsintown.com/a/4988-this-will-destroy-you?came_from=251
Thom Yorke,https://www.bandsintown.com/a/26092-thom-yorke?came_from=251
Three Days Grace,https://www.bandsintown.com/a/28-three-days-grace?came_from=251
Three Dog Night,https://www.bandsintown.com/a/3153-three-dog-night?came_from=251
Thriving Ivory,https://www.bandsintown.com/a/2806-thriving-ivory?came_from=251
Thunder,https://www.bandsintown.com/a/31386-thunder?came_from=251
Thursday,https://www.bandsintown.com/a/367-thursday?came_from=251
Til Tuesday,https://www.bandsintown.com/a/12539-'til-tuesday?came_from=251
Tim Bendzko,https://www.bandsintown.com/a/868215-tim-bendzko?came_from=251
Tim Buckley,https://www.bandsintown.com/a/60031-tim-buckley?came_from=251
Tim Hardin,https://www.bandsintown.com/a/159334-tim-hardin?came_from=251
Timo Rautiainen & Trio Niskalaukaus,https://www.bandsintown.com/a/55031-timo-rautiainen-and-trio-niskalaukaus?came_from=251
Todd Rundgren,https://www.bandsintown.com/a/28672-todd-rundgren?came_from=251
Tom Keifer,https://www.bandsintown.com/a/3180827-tom-keifer?came_from=251
Tom Morello,https://www.bandsintown.com/a/118451-tom-morello?came_from=251
Tom Petty & The Heartbreakers,https://www.bandsintown.com/a/26706-tom-petty-and-the-heartbreakers?came_from=251
Tom Waits,https://www.bandsintown.com/a/1606-tom-waits?came_from=251
Tommy James and the Shondells,https://www.bandsintown.com/a/8909-tommy-james-and-the-shondells?came_from=251
Tommy Lee,https://www.bandsintown.com/a/660-tommy-lee?came_from=251
Tony Carey,https://www.bandsintown.com/a/66796-tony-carey?came_from=251
Tool,https://www.bandsintown.com/a/26633-tool?came_from=251
Toploader,https://www.bandsintown.com/a/9372-toploader?came_from=251
Tori Amos,https://www.bandsintown.com/a/996-tori-amos?came_from=251
Tortoise,https://www.bandsintown.com/a/5421-tortoise?came_from=251
Toto,https://www.bandsintown.com/a/3351-toto?came_from=251
Townes Van Zandt,https://www.bandsintown.com/a/5054-townes-van-zandt?came_from=251
Tracy Chapman,https://www.bandsintown.com/a/1097-tracy-chapman?came_from=251
Traffic,https://www.bandsintown.com/a/25613-traffic?came_from=251
Train,https://www.bandsintown.com/a/654-train?came_from=251
Trans-Siberian Orchestra,https://www.bandsintown.com/a/1583-trans-siberian-orchestra?came_from=251
Translator,https://www.bandsintown.com/a/277858-translator?came_from=251
Trapt,https://www.bandsintown.com/a/267-trapt?came_from=251
Travis,https://www.bandsintown.com/a/3785-travis?came_from=251
Travis Mills,https://www.bandsintown.com/a/3846041-t.-mills?came_from=251
Triumph,https://www.bandsintown.com/a/9373-triumph?came_from=251
Trivium,https://www.bandsintown.com/a/210-trivium?came_from=251
Trooper,https://www.bandsintown.com/a/46243-trooper?came_from=251
Tuomari Nurmio,https://www.bandsintown.com/a/76206-tuomari-nurmio?came_from=251
Twenty One Pilots,https://www.bandsintown.com/a/6986370-twenty-one-pilots?came_from=251
Twisted Sister,https://www.bandsintown.com/a/1222-twisted-sister?came_from=251
U2,https://www.bandsintown.com/a/315-u2?came_from=251
UFO,https://www.bandsintown.com/a/55055-ufo?came_from=251
Ultimate Spinach,https://www.bandsintown.com/a/108619-ultimate-spinach?came_from=251
Unheilig,https://www.bandsintown.com/a/8289-unheilig?came_from=251
Unloco,https://www.bandsintown.com/a/11311-unloco?came_from=251
Uriah Heep,https://www.bandsintown.com/a/13357-uriah-heep?came_from=251
Utopia,https://www.bandsintown.com/a/94166-utopia?came_from=251
V.V. Brown,https://www.bandsintown.com/a/210557-vv-brown?came_from=251
Vacationer,https://www.bandsintown.com/a/1496444-vacationer?came_from=251
Vampire Weekend,https://www.bandsintown.com/a/139032-vampire-weekend?came_from=251
Van Halen,https://www.bandsintown.com/a/50322-van-halen?came_from=251
Van Morrison,https://www.bandsintown.com/a/5288921-van-morrison?came_from=251
Vanessa Hudgens,https://www.bandsintown.com/a/177-vanessa-hudgens?came_from=251
Vanilla Fudge,https://www.bandsintown.com/a/88819-vanilla-fudge?came_from=251
Velvet Revolver,https://www.bandsintown.com/a/1064-velvet-revolver?came_from=251
Vicentico,https://www.bandsintown.com/a/71837-vicentico?came_from=251
Vince Neil,https://www.bandsintown.com/a/39890-vince-neil?came_from=251
Vixen,https://www.bandsintown.com/a/17058-vixen?came_from=251
Volbeat,https://www.bandsintown.com/a/6257-volbeat?came_from=251
Voodoo Glow Skulls,https://www.bandsintown.com/a/212332-voodoo-glow-skulls?came_from=251
Wakefield,https://www.bandsintown.com/a/4149-wakefield?came_from=251
Walk Off The Earth,https://www.bandsintown.com/a/158776-walk-off-the-earth?came_from=251
Warpaint,https://www.bandsintown.com/a/201130-warpaint?came_from=251
Warrant,https://www.bandsintown.com/a/2592-warrant?came_from=251
Warrior Soul,https://www.bandsintown.com/a/76888-warrior-soul?came_from=251
We Came As Romans,https://www.bandsintown.com/a/37193-we-came-as-romans?came_from=251
We Lost the Sea,https://www.bandsintown.com/a/1140859-we-lost-the-sea?came_from=251
Ween,https://www.bandsintown.com/a/5712-ween?came_from=251
Weezer,https://www.bandsintown.com/a/140-weezer?came_from=251
Wendy O. Williams,https://www.bandsintown.com/a/321568-wendy-o.-williams?came_from=251
Whiskey Myers,https://www.bandsintown.com/a/214616-whiskey-myers?came_from=251
White Rabbits,https://www.bandsintown.com/a/48153-white-rabbits?came_from=251
White Zombie,https://www.bandsintown.com/a/26701-white-zombie?came_from=251
Whitecross,https://www.bandsintown.com/a/54253-whitecross?came_from=251
Whitesnake,https://www.bandsintown.com/a/1448-whitesnake?came_from=251
Widespread Panic,https://www.bandsintown.com/a/1498-widespread-panic?came_from=251
Wilco,https://www.bandsintown.com/a/2423-wilco?came_from=251
Wings,https://www.bandsintown.com/a/11266-wings?came_from=251
Wise Guys,https://www.bandsintown.com/a/62562-wise-guys?came_from=251
Wolfmother,https://www.bandsintown.com/a/238-wolfmother?came_from=251
Xavier Rudd,https://www.bandsintown.com/a/2240-xavier-rudd?came_from=251
Years & Years,https://www.bandsintown.com/a/1911258-years-and-years?came_from=251
Yes,https://www.bandsintown.com/a/14541341-yes?came_from=251
Yngwie Malmsteen,https://www.bandsintown.com/a/50585-yngwie-j.-malmsteen?came_from=251
You Me At Six,https://www.bandsintown.com/a/3086-you-me-at-six?came_from=251
Young Rebel Set,https://www.bandsintown.com/a/280897-young-rebel-set?came_from=251
Young The Giant,https://www.bandsintown.com/a/933590-young-the-giant?came_from=251
Youngblood Hawke,https://www.bandsintown.com/a/1591128-youngblood-hawke?came_from=251
Yuksek,https://www.bandsintown.com/a/12638-yuksek?came_from=251
Zakk Wylde,https://www.bandsintown.com/a/53046-zakk-wylde?came_from=251
Zendaya,https://www.bandsintown.com/a/1565415-zendaya?came_from=251
Zoé,https://www.bandsintown.com/a/1065775-zoe?came_from=251
ZZ Top,https://www.bandsintown.com/a/14910-zz-top?came_from=251